ID,noise,X,Y_Z_1,Y_Z_0,S_inclusion_prob,Z,Z_cond_prob,Y,condition
0001,0.17198632318088483,0.8571306486852471,2.0698975453546935,1.029116971866132,0.8043136576905147,0,0.5,1.029116971866132,Control
0005,1.0730377836767346,0.7577838188816175,2.6004023254351596,1.8308216025583521,0.7757097946076807,0,0.5,1.8308216025583521,Control
0007,1.9209609654491067,0.8023364157056448,3.609616621236692,2.7232973811547514,0.7888208085375182,0,0.5,2.7232973811547514,Control
0010,-0.4852184052060092,0.14943964110458188,-0.36583417198678575,-0.33577876410142726,0.5593966330893684,0,0.5,-0.33577876410142726,Control
0011,0.6402402926146924,0.7645344238775245,2.191533275140931,1.4047747164922169,0.7777255846396187,0,0.5,1.4047747164922169,Control
0014,-0.22977976285695387,0.031213214192492383,-0.21222462628025485,-0.1985665486644615,0.5124502491759962,1,0.5,-0.21222462628025485,Treatment
0015,-0.07974614191625139,1.2294872370110734,3.5582752085355325,1.1497410950948221,0.890555409903639,0,0.5,1.1497410950948221,Control
0016,-0.5116026231896927,1.7079445288519466,6.176518668506876,1.196341905662254,0.9561766821433869,1,0.5,6.176518668506876,Treatment
0022,1.531073142237355,-0.10190511663733066,1.5008898895124254,1.4291680256000243,0.4594159943097169,0,0.5,1.4291680256000243,Control
0023,-1.7960787205460822,1.0208889343711458,0.798794179282398,-0.7751897861749364,0.846346468805873,1,0.5,0.798794179282398,Treatment
0024,0.4412792607454186,0.06361888659520927,0.4811834295062515,0.5048981473406279,0.5253631535615985,1,0.5,0.4811834295062515,Treatment
0026,-0.9865465141335663,0.9362877002526849,1.2348666512816993,-0.05025881388088138,0.825437460395525,0,0.5,-0.05025881388088138,Control
0027,-0.4312165821512307,1.3108507905465556,3.660868403275107,0.8796342083953249,0.9050459104868003,1,0.5,3.660868403275107,Treatment
0029,1.6212295781355193,1.5589359157535803,7.261259914865217,3.1801654938890995,0.9404942257013894,1,0.5,7.261259914865217,Treatment
0030,-0.4917663965765048,1.5553018842208375,5.1238124476556886,1.0635354876443328,0.940062905585622,1,0.5,5.1238124476556886,Treatment
0031,-0.8264954534824627,0.918200656828646,1.3187897673329743,0.09170520334618337,0.8207430875659478,1,0.5,1.3187897673329743,Treatment
0032,-0.4945776942029853,0.9461218108142034,1.768776173000811,0.4515441166112181,0.8279567698114496,0,0.5,0.4515441166112181,Control
0035,0.17218923893903731,-0.7123698460475655,0.830945911030919,-0.5401806071085282,0.23811789146955234,1,0.5,0.830945911030919,Treatment
0039,0.7995770756611,0.2535252954526131,1.0548898742560762,1.053102371113713,0.6000688417168386,0,0.5,1.053102371113713,Control
0040,-0.5488004617236238,-0.04100672165983515,-0.5659407201109671,-0.5898071833834589,0.4836452686307246,1,0.5,-0.5659407201109671,Treatment
0041,0.6807123685197455,1.0887512834655886,3.595846724748473,1.7694636519853342,0.8618682100081563,1,0.5,3.595846724748473,Treatment
0045,0.9002006358284917,0.8546747013819075,2.7884756768839507,1.7548753372103993,0.803634370134114,0,0.5,1.7548753372103993,Control
0047,-1.0985940860751258,2.678634612233734,14.590889991754874,1.5800405261586083,0.9963038494073339,1,0.5,14.590889991754874,Treatment
0049,0.2045224391841473,0.6587018173560071,1.401649516238364,0.8632242565401544,0.7449563671278473,0,0.5,0.8632242565401544,Control
0050,0.5031127092460209,0.0503454044907427,0.5333547309980653,0.5534581137367636,0.5200764289644788,1,0.5,0.5333547309980653,Treatment
0052,0.45282649440770406,1.3184937926289917,4.588925153124565,1.7713202870366958,0.9063307991757322,1,0.5,4.588925153124565,Treatment
0053,0.8506350366656745,1.245965785168753,4.578479404872425,2.0966008218344276,0.8936115216922966,0,0.5,2.0966008218344276,Control
0054,-0.28240534439341913,0.8790786806418731,1.7026926494456303,0.596673336248454,0.8103206918470232,1,0.5,1.7026926494456303,Treatment
0056,1.0911467092447606,2.8173520150164704,18.374767469787727,3.9084987242612312,0.9975789288498147,0,0.5,3.9084987242612312,Control
0057,0.2906959009825727,0.6583738394385633,1.4867950456160046,0.949069740421136,0.7448510293930819,0,0.5,0.949069740421136,Control
0059,-0.34241271777599686,0.21594230721066426,-0.14117940408373492,-0.1264704105653326,0.5854836406897287,0,0.5,-0.1264704105653326,Control
0062,-2.0487653281595546,0.8097598176632386,-0.33246349472393266,-1.239005510496316,0.7909608844815026,1,0.5,-0.33246349472393266,Treatment
0064,-0.18970413232797326,0.33517140496183556,0.20256131156112608,0.1454672726338623,0.6312521043764496,1,0.5,0.20256131156112608,Treatment
0065,-1.2094787115332906,0.3239641338356912,-0.8375911245916257,-0.8855145776975993,0.6270174059328169,0,0.5,-0.8855145776975993,Control
0066,-1.0521358822849114,0.09635815113370137,-0.9853870201382502,-0.95577773115121,0.5383819360162027,0,0.5,-0.95577773115121,Control
0067,-0.7275241445623574,0.8361644808804299,1.088900174049935,0.10864033631807257,0.7984688113118134,1,0.5,1.088900174049935,Treatment
0069,-0.18761483420817293,-0.44314458578600174,-0.01643287927827966,-0.6307594199941746,0.3288305787755206,0,0.5,-0.6307594199941746,Control
0070,1.462689213056713,0.5979804924754386,2.4768407980567684,2.0606697055321517,0.7250735252421068,1,0.5,2.4768407980567684,Treatment
0072,0.33983786331772986,-1.0794910742218116,2.1306942848559456,-0.7396532109040816,0.14018443533567368,1,0.5,2.1306942848559456,Treatment
0077,-2.0171234043691375,0.44564130200323243,-1.3971104132652488,-1.5714821023659051,0.6720718144273163,0,0.5,-1.5714821023659051,Control
0080,0.2971694812121881,0.4766439590179905,0.989870388057871,0.7738134402301786,0.6831921624258892,0,0.5,0.7738134402301786,Control
0082,-1.3309212767764598,-0.5434629637312702,-1.011948772746943,-1.87438424050773,0.2934055421469648,0,0.5,-1.87438424050773,Control
0084,-0.051898710624558114,0.12135414371972872,0.03823201763120339,0.0694554330951706,0.5482947318126946,0,0.5,0.0694554330951706,Control
0085,0.18200187506621865,1.49381524663233,5.391877480524801,1.6758171216985487,0.932388042320585,1,0.5,5.391877480524801,Treatment
0087,-0.20729454611299977,0.4904187268604481,0.5189358726280697,0.2831241807474483,0.688081186123906,0,0.5,0.2831241807474483,Control
0088,0.46011941483001845,2.2800850171511953,11.997737294280348,2.7402044319812138,0.988698676665435,0,0.5,2.7402044319812138,Control
0092,1.9444445337686072,0.10209309554896186,2.0163370818606268,2.046537629317569,0.5406586093333638,1,0.5,2.0163370818606268,Treatment
0093,0.1766078936379221,-0.029604427181446104,0.16355852426468212,0.147003466456476,0.48819126724119005,0,0.5,0.147003466456476,Control
0094,-0.48922060459956074,1.1050004137699554,2.5053314311489623,0.6157798091703947,0.8654202950807355,1,0.5,2.5053314311489623,Treatment
0096,-0.4937360357723702,-0.24476835484711418,-0.49629711812680166,-0.7385043906194844,0.40331789892981545,1,0.5,-0.49629711812680166,Treatment
0097,-0.37592096030251115,0.22893442715803908,-0.15663180284713263,-0.14698653314447208,0.5905400589747861,0,0.5,-0.14698653314447208,Control
0098,-0.7438456098600141,1.1393019714144452,2.4218233399848916,0.3954563615544311,0.8727113867885017,0,0.5,0.3954563615544311,Control
0099,-0.2846489997145014,-1.449569079952579,3.193067495418342,-1.7342180796670805,0.07358936180908862,1,0.5,3.193067495418342,Treatment
0101,1.505162992621134,-0.443801035239236,1.6771811927603513,1.061361957381898,0.32859321993715196,0,0.5,1.061361957381898,Control
0103,-1.3351007895283862,-0.2869268903148663,-1.3139101539143008,-1.6220276798432525,0.3870841501450626,0,0.5,-1.6220276798432525,Control
0104,-0.9209954703305029,0.4470617091617959,-0.2977362721522726,-0.473933761168707,0.6725847475169444,1,0.5,-0.2977362721522726,Treatment
0106,-0.8616635330434307,-0.4629042634229087,-0.6645549505646737,-1.3245677964663394,0.3217164957032625,0,0.5,-1.3245677964663394,Control
0108,-0.8002241216700386,-0.026152029743777873,-0.8119322792224887,-0.8263761514138165,0.4895680387499893,0,0.5,-0.8263761514138165,Control
0111,-0.09558702844177931,-0.8799104714374167,1.0129426113299462,-0.9754974998791961,0.18945390579402774,0,0.5,-0.9754974998791961,Control
0112,-0.0395037772959206,0.6357416608618758,1.08670197184585,0.5962378835659552,0.7375275911826293,1,0.5,1.08670197184585,Treatment
0113,-0.20492659628336943,1.094958290698055,2.740419865802471,0.8900316944146857,0.8632325450892122,0,0.5,0.8900316944146857,Control
0115,-0.09217930707147365,0.4517547059507261,0.5418626746011435,0.35957539887925244,0.6742771484962926,0,0.5,0.35957539887925244,Control
0117,0.007188562773674729,-0.5746206382211665,0.3802559994024929,-0.5674320754474917,0.28277394555288093,1,0.5,0.3802559994024929,Treatment
0118,-0.7696134527393601,-0.6344367575883535,-0.2818118327750904,-1.4040502103277137,0.2628979137198889,0,0.5,-1.4040502103277137,Control
0119,0.45446125605581145,0.7700686103376353,2.0255068904793028,1.2245298663934467,0.7793704025860941,0,0.5,1.2245298663934467,Control
0120,-0.3125487957293982,0.3619226655648453,0.1303885687521502,0.049373869835447115,0.6412950890794575,0,0.5,0.049373869835447115,Control
0121,-0.8870806603083785,-0.3860187287113197,-0.7820691068322314,-1.2730993890196982,0.349741399149351,1,0.5,-0.7820691068322314,Treatment
0124,-0.5641920229845729,-0.42748647522110644,-0.4124458876011948,-0.9916784982056794,0.3345125169995856,1,0.5,-0.4124458876011948,Treatment
0125,0.6235541113339025,-0.5108130147782071,0.8900074760784006,0.11274109655569542,0.30474099748956995,1,0.5,0.8900074760784006,Treatment
0126,-1.016586627632575,-1.8666766564960398,5.019038523933872,-2.8832632841286148,0.03097337775307949,0,0.5,-2.8832632841286148,Control
0127,1.4174997976481594,-0.6907834308534315,2.0264715789047187,0.7267163667947278,0.24485082480653766,1,0.5,2.0264715789047187,Treatment
0131,-1.352446272364639,1.5054247203881,3.9328732653405885,0.15297844802346083,0.9338925412424895,0,0.5,0.15297844802346083,Control
0133,0.41175060580479894,1.4160649530249108,5.13026298468814,1.8278155588297098,0.9216217559422903,1,0.5,5.13026298468814,Treatment
0137,0.19500226661890946,-0.5664833272288172,0.5535673230609632,-0.37148106060990777,0.2855326318964822,0,0.5,-0.37148106060990777,Control
0138,-0.4133086395631513,2.3116986825890513,11.430442299899283,1.8983900430259,0.9896028529756732,1,0.5,11.430442299899283,Treatment
0139,0.7713899327312307,0.773026344011604,2.353042561808926,1.5444162767428347,0.7802466050328846,1,0.5,2.353042561808926,Treatment
0140,-1.2346103608947057,0.30891643227305926,-0.8892934205015448,-0.9256939286216463,0.6213074516911691,1,0.5,-0.8892934205015448,Treatment
0143,-0.9460739578837011,0.18296403327885802,-0.787640266296938,-0.7631099246048431,0.5725868802596803,1,0.5,-0.787640266296938,Treatment
0146,0.30504623440740486,1.68205418878721,6.804685916834209,1.9871004231946148,0.953720833718294,0,0.5,1.9871004231946148,Control
0147,0.7756980569140519,0.4888346276704727,1.4980339571687475,1.2645326845845246,0.6875206097821978,1,0.5,1.4980339571687475,Treatment
0149,-0.7063776060331578,2.0057056948359775,8.342185909979774,1.2993280888028198,0.977556171366829,1,0.5,8.342185909979774,Treatment
0153,1.0143071523513272,0.9472152852584343,3.2823483882349787,1.9615224376097615,0.8282354559677728,1,0.5,3.2823483882349787,Treatment
0156,-0.5879923019952618,0.8555785159264758,1.3038261497978778,0.26758621393121407,0.8038845211724466,1,0.5,1.3038261497978778,Treatment
0160,-0.6851661539208408,-0.4910309445514382,-0.44845884918240475,-1.176197098472279,0.31170228066270556,1,0.5,-0.44845884918240475,Treatment
0162,-0.3231570972464558,-0.37813764340891637,-0.2262497642252164,-0.7012947406553722,0.3526641726942485,0,0.5,-0.7012947406553722,Control
0163,0.23804525832380774,0.5876996220211452,1.2226767607819742,0.825744880344953,0.7216330353392678,1,0.5,1.2226767607819742,Treatment
0166,-1.004608285329336,2.217952500849961,9.942994557148836,1.2133442155206249,0.9867209643781559,1,0.5,9.942994557148836,Treatment
0167,-0.8656780848774425,0.8656432763721693,1.0658201171653303,-3.4808505273153934e-05,0.8066570922399702,0,0.5,-3.4808505273153934e-05,Control
0170,-0.5027891087004718,0.265458778842252,-0.22912299275050646,-0.23733032985821978,0.6046719696285914,0,0.5,-0.23733032985821978,Control
0172,0.7263778848843367,0.27292144282974967,1.0118108342117562,0.9992993277140865,0.607543198481676,0,0.5,0.9992993277140865,Control
0173,0.8321503415774975,0.625977553000989,1.928834911800204,1.4581278945784866,0.7343351676617178,0,0.5,1.4581278945784866,Control
0174,-0.7884928485062505,1.0873811506112132,2.119993260208488,0.29888830210496276,0.8615658010029552,1,0.5,2.119993260208488,Treatment
0176,-0.8576316218786432,0.29134604929228397,-0.5421935563560573,-0.5662855725863591,0.6146066640301586,1,0.5,-0.5421935563560573,Treatment
0177,0.5142541729494048,0.15546540995183256,0.6403258653083037,0.6697195829012373,0.5617727893925746,0,0.5,0.6697195829012373,Control
0180,0.05371980487753184,0.3260293084219727,0.4293246789887378,0.37974911329950456,0.627798909661254,0,0.5,0.37974911329950456,Control
0186,0.3228527518775006,-0.3642840783307611,0.4061164921627043,-0.041431326453260475,0.3578229439700023,1,0.5,0.4061164921627043,Treatment
0187,1.1791585376266718,0.8207854673177309,2.9369288380055094,1.9999440049444028,0.7941157610497667,1,0.5,2.9369288380055094,Treatment
0190,-2.8207044396951972,-0.529890326898766,-2.524082086062818,-3.3505947665939635,0.2980939866239112,1,0.5,-2.524082086062818,Treatment
0191,-0.6048424084117497,0.5876841040896346,0.37974485603234043,-0.01715830432211518,0.7216278264490099,1,0.5,0.37974485603234043,Treatment
0194,0.7822772149431183,0.5629665424316352,1.6976231419537964,1.3452437573747535,0.7132711665646255,1,0.5,1.6976231419537964,Treatment
0195,0.57535220657952435,1.0244116595869772,3.186396532968503,1.5997638661665015,0.8471795614501635,1,0.5,3.186396532968503,Treatment
0197,-0.6062639119317917,0.6718796915980888,0.6325205738311385,0.06561577966629706,0.7491698549631164,1,0.5,0.6325205738311385,Treatment
0198,-0.9395732952308832,0.18550245978151733,-0.7779997401701376,-0.7540708354493658,0.5735825244386947,1,0.5,-0.7779997401701376,Treatment
0199,0.5647108668920195,0.7763487766780716,2.1583201013301316,1.341059643570091,0.7812284597969005,0,0.5,1.341059643570091,Control
0206,-1.8032506428120731,2.83581188450217,15.698313388006508,1.0325612416900967,0.9977145319697664,0,0.5,1.0325612416900967,Control
0208,-0.6743067139163841,-0.7136822649616233,-0.012463095755690157,-1.3879889788780075,0.2377118377088364,1,0.5,-0.012463095755690157,Treatment
0211,-0.7595272518828075,0.34481312088571153,-0.34932851477006305,-0.4147141309970959,0.6348825658389936,1,0.5,-0.34932851477006305,Treatment
0212,-0.509673337552785,1.5436666399163976,5.027973372786976,1.0339933023636125,0.9386654440197543,1,0.5,5.027973372786976,Treatment
0219,0.8092185893108714,0.1228199211064397,0.9007980159052754,0.9320385104173111,0.5488751505343569,0,0.5,0.9320385104173111,Control
0220,0.5181535253506165,-0.43470219018652556,0.6787344185632782,0.08345133516409098,0.33188930421470625,1,0.5,0.6787344185632782,Treatment
0222,0.8253869040132165,-0.5133848148819107,1.0958224328749284,0.3120020891313058,0.30384108279380184,0,0.5,0.3120020891313058,Control
0224,0.0785609413081579,-0.5556771847006424,0.41827661615150047,-0.47711624339248454,0.28921577809154575,1,0.5,0.41827661615150047,Treatment
0229,-0.23930511262989135,0.1173070042523779,-0.15312974401036758,-0.12199810837751345,0.5466916126177109,0,0.5,-0.12199810837751345,Control
0231,-0.020941738361315847,0.5109848231391578,0.7567616521653758,0.490043084777842,0.6953191579750593,1,0.5,0.7567616521653758,Treatment
0232,-0.380023630624475,1.9203140833722,7.955345768656851,1.5402904527477252,0.9725908807417516,1,0.5,7.955345768656851,Treatment
0238,0.8643630899796958,0.32197599153756085,1.2326881640016671,1.1863390815172568,0.6262645586076845,0,0.5,1.1863390815172568,Control
0240,0.0204549183802197,2.039235339062536,9.35703412407448,2.059690257442756,0.9792867272396264,0,0.5,2.059690257442756,Control
0245,0.13868011982110193,-0.09254306011561217,0.10953702571441945,0.04613705970548976,0.463133290479201,0,0.5,0.04613705970548976,Control
0246,-1.8620525414060956,0.1791011967725351,-1.7083474656491193,-1.6829513446335604,0.5710708788434669,1,0.5,-1.7083474656491193,Treatment
0247,-1.230812209999305,0.6376933870109405,-0.09865980481886472,-0.5931188229883646,0.7381633544255166,0,0.5,-0.5931188229883646,Control
0249,-0.9710988754437966,0.5107855022235691,-0.1939024657684445,-0.4603133732202275,0.6952493690166824,0,0.5,-0.4603133732202275,Control
0256,-0.4765196525154802,1.0927398121844802,2.4580108478427065,0.616220159669,0.8627459727814473,0,0.5,0.616220159669,Control
0258,1.429626175064419,0.9989961121175346,3.9251106951750856,2.4286222871819536,0.8411017126623626,0,0.5,2.4286222871819536,Control
0260,0.5967926668693387,1.2064645593822096,4.111138412651062,1.8032572262515485,0.8861807918527782,0,0.5,1.8032572262515485,Control
0266,0.6564541668262125,1.2241309568527254,4.265512844302913,1.880585123678938,0.8895485851965099,1,0.5,4.265512844302913,Treatment
0269,1.4320637250303387,-0.207033712079657,1.4142727848654748,1.2250300129506817,0.4179917651984864,1,0.5,1.4142727848654748,Treatment
0271,-0.11410553733176777,0.436425800683765,0.4850423220150456,0.32232026335199726,0.6687360885434747,0,0.5,0.32232026335199726,Control
0272,0.002392082077041183,0.17064788517886947,0.14595742609851717,0.17303996725591067,0.567749678399624,0,0.5,0.17303996725591067,Control
0273,0.8598018015494338,1.6476060802547718,7.112816433061807,2.5074078818042054,0.9502832340377573,1,0.5,7.112816433061807,Treatment
0277,0.874166123543472,0.7039041515649945,2.217080308506839,1.5780702751084665,0.7592537670607018,0,0.5,1.5780702751084665,Control
0278,0.3190285121260249,0.99311166036394,2.7881258822096386,1.3121401724899648,0.8396722289201057,0,0.5,1.3121401724899648,Control
0279,-0.039414086918394764,1.0642329175488154,2.7578857774449403,1.0248188306304207,0.8563884007714297,1,0.5,2.7578857774449403,Treatment
0280,-0.40873386896875086,-1.1834035246765315,1.8004521731266596,-1.5921373936452823,0.11832463054584295,0,0.5,-1.5921373936452823,Control
0281,-1.6250754563881797,-1.2798163304432526,1.0108760577286595,-2.904891786831432,0.10030486957069669,1,0.5,1.0108760577286595,Treatment
0282,-1.5722574247087706,1.2986518218299379,2.4500615948906317,-0.27360560287883273,0.9029682775113359,0,0.5,-0.27360560287883273,Control
0283,1.5805684420827535,-0.0018570833102834127,1.5796467979444544,1.5787113587724702,0.49925913137514627,1,0.5,1.5796467979444544,Treatment
0286,0.21509260367244262,-0.05641875442307993,0.19324937816220628,0.1586738492493627,0.4775041084405132,0,0.5,0.1586738492493627,Control
0287,0.8118505080690688,0.9762952968463168,3.206303169780703,1.7881458049153856,0.8355409250265278,0,0.5,1.7881458049153856,Control
0289,-1.7512403544209914,-0.31435339446539873,-1.7107809384298536,-2.06559374888639,0.3766263245307782,0,0.5,-2.06559374888639,Control
0293,-0.4991302481056647,-0.3766261011477838,-0.40374885854799525,-0.8757563492534485,0.35322574392266765,1,0.5,-0.40374885854799525,Treatment
0295,-0.5480742862643438,0.17065083680005275,-0.404505451663201,-0.37742344946429107,0.5677508389048357,0,0.5,-0.37742344946429107,Control
0297,0.681992126948092,1.47410576329257,5.765020611339119,2.156097890240662,0.9297734414854327,0,0.5,2.156097890240662,Control
0298,-2.003069493880477,-1.4305882524991802,1.3748018762472491,-3.433657746379657,0.07627412812694988,1,0.5,1.3748018762472491,Treatment
0299,-1.751889188459321,0.573299021605718,-0.807896141308315,-1.1785901668536032,0.7167788761233239,1,0.5,-0.807896141308315,Treatment
0300,0.23764861305203838,1.3277136373284721,4.427152437212278,1.5653622503805105,0.9078636366843562,0,0.5,1.5653622503805105,Control
0302,2.249881177272371,1.1050684559655444,5.244767989995287,3.354949633237915,0.8654350361724948,1,0.5,5.244767989995287,Treatment
0303,0.7080651342109354,-0.10558388902532864,0.677569104941697,0.6024812451856068,0.4579562539934207,1,0.5,0.677569104941697,Treatment
0305,-1.732901154052212,0.09516531944372242,-1.6672056182806991,-1.6377358346084896,0.5379082419971148,0,0.5,-1.6377358346084896,Control
0307,2.2179548144543486,-0.11383920116880034,2.1869539413154495,2.1041156132855483,0.4546826312668302,1,0.5,2.1869539413154495,Treatment
0308,0.022356926109487252,1.8872842933162308,8.089683080363892,1.9096412194257182,0.9704389510638041,0,0.5,1.9096412194257182,Control
0309,0.18987673749813147,0.7186163848993561,1.5820039472394485,0.9084931223974876,0.7638113424684088,1,0.5,1.5820039472394485,Treatment
0310,-1.1635247827181305,1.409592115003459,3.5151711361434477,0.2460673322853284,0.9206699216975758,0,0.5,0.2460673322853284,Control
0313,0.24548424111528577,-0.6917888618659211,0.8567334689858183,-0.4463046207506354,0.24453496616599896,0,0.5,-0.4463046207506354,Control
0314,-0.7550639192431138,0.3522206644475236,-0.33083479409164196,-0.4028432547955902,0.6376636096454068,1,0.5,-0.33083479409164196,Treatment
0315,0.16711023001094097,-0.6315347988296742,0.649015234861778,-0.4644245688187333,0.2638454516621791,1,0.5,0.649015234861778,Treatment
0317,0.13056837755034587,0.4869733203667605,0.8483410672317813,0.6175416979171063,0.6868613810367858,1,0.5,0.8483410672317813,Treatment
0318,0.4590494867518598,-0.656273112181476,0.9923017262058422,-0.1972236254296162,0.25582420721713106,0,0.5,-0.1972236254296162,Control
0320,-0.9068786917667455,-0.1730127222166197,-0.9335182487774449,-1.0798914139833653,0.43132071377249526,1,0.5,-0.9335182487774449,Treatment
0323,-1.0370789500116355,0.17614434540407659,-0.8869531164739359,-0.860934604607559,0.5699097285281427,1,0.5,-0.8869531164739359,Treatment
0326,1.8112358701300502,0.970422021708789,4.179884681419191,2.7816578918388393,0.8340819118878734,0,0.5,2.7816578918388393,Control
0328,-0.3936284674925139,1.0005735062012076,2.1089529682316455,0.6069450387086937,0.8414834779863491,1,0.5,2.1089529682316455,Treatment
0330,-0.18027742143677333,-1.1259510887042057,1.7922787425194961,-1.306228510140979,0.13009311145141703,0,0.5,-1.306228510140979,Control
0331,-0.9053230386021827,-0.12359538728939706,-0.9365690927284491,-1.0289184258915798,0.45081782244648594,0,0.5,-1.0289184258915798,Control
0332,-0.025073815578014802,1.0510725309785731,2.7099693806666787,1.0259987154005583,0.8533873605159905,0,0.5,1.0259987154005583,Control
0333,0.8699073909333748,0.5343432756163361,1.7081245011343342,1.4042506665497108,0.7034479716874458,0,0.5,1.4042506665497108,Control
0336,0.18599010385903664,1.7909422727912203,7.49640968919581,1.976932376650257,0.9633487204415755,1,0.5,7.49640968919581,Treatment
0338,0.73611645244209,-0.331869743749021,0.7904566341996613,0.404246708693069,0.3699938088995124,0,0.5,0.404246708693069,Control
0343,0.7702145932586523,0.8336950862632037,2.577157130109075,1.603909679521856,0.7977735861107189,1,0.5,2.577157130109075,Treatment
0344,-0.7836820188189606,0.16480334055307275,-0.6469600664275201,-0.6188786782658878,0.5654506126915954,0,0.5,-0.6188786782658878,Control
0346,1.0463392676433416,1.6802673164837478,7.533069435572206,2.7266065841270892,0.9535473414516638,1,0.5,7.533069435572206,Treatment
0353,1.3778354998063043,-0.8399763780766769,2.3689679422215906,0.5378591217296274,0.20046081558615406,0,0.5,0.5378591217296274,Control
0354,0.27040714536311206,0.9534583593133306,2.565302010908714,1.2238655046764426,0.8298210576882797,0,0.5,1.2238655046764426,Control
0355,-2.0982577413106904,1.578296208634256,3.672928207384972,-0.5199615326764344,0.9427512117377342,1,0.5,3.672928207384972,Treatment
0357,0.6242406816809632,0.38446226050207855,1.1120942714327389,1.0087029421830418,0.6496820688615403,0,0.5,1.0087029421830418,Control
0358,1.0775882135585613,1.058715356317093,3.8487023031203664,2.136303569875654,0.8551352839403243,0,0.5,2.136303569875654,Control
0359,1.1968459896589698,-0.43012770675249373,1.3518018245150414,0.766718282906476,0.3335513731881583,1,0.5,1.3518018245150414,Treatment
0360,0.389487539911953,-0.043419526558651264,0.3715482872057822,0.34606801335330173,0.482683556217815,0,0.5,0.34606801335330173,Control
0363,-0.5138984029862419,0.9226395902054184,1.6499490189453123,0.4087411872191765,0.8219024715972241,1,0.5,1.6499490189453123,Treatment
0365,-0.02732877609568584,1.2556312887844232,3.753706735045389,1.2283025126887375,0.895375159112815,1,0.5,3.753706735045389,Treatment
0370,1.068373764026855,-0.2716353176011878,1.0801275967628574,0.796738446425667,0.39295122031432705,1,0.5,1.0801275967628574,Treatment
0372,-0.5742801821296344,0.0921680579933815,-0.511206251304401,-0.4821121241362529,0.5367177419894816,1,0.5,-0.511206251304401,Treatment
0373,2.243688842417423,2.5082339639081455,16.080281059776233,4.7519228063255685,0.9939331851194108,1,0.5,16.080281059776233,Treatment
0374,-0.6061140015595222,0.7919370414673693,1.0441830744703422,0.1858230399078471,0.7858013063570642,0,0.5,0.1858230399078471,Control
0375,-0.6508607065427141,1.352709003256728,3.6851370900692704,0.7018482967140138,0.9119256934780426,0,0.5,0.7018482967140138,Control
0380,-0.37573569390269174,0.8989751426359786,1.6900644915700533,0.5232394487332868,0.8156670494694109,0,0.5,0.5232394487332868,Control
0381,0.5358955896052278,0.6320596737033561,1.650924288700892,1.167955263308584,0.7363260576364182,0,0.5,1.167955263308584,Control
0383,-1.7208898164521769,1.6972574154429483,4.8891043598214505,-0.023632401009228587,0.9551759977799305,0,0.5,-0.023632401009228587,Control
0384,0.4582044990933226,-0.47378208786681436,0.670252388726791,-0.015577588773491746,0.31782765452710393,0,0.5,-0.015577588773491746,Control
0387,0.23449153840427062,2.213985082283118,11.1449439686902,2.448476620687389,0.9865850974257122,1,0.5,11.1449439686902,Treatment
0388,-0.32134492960176925,-0.6454972764703993,0.1892399000244373,-0.9668422060721686,0.25930249133754457,0,0.5,-0.9668422060721686,Control
0389,0.36314950053898576,0.4269138896075756,0.941117383622512,0.7900633901465614,0.6652789757686761,1,0.5,0.941117383622512,Treatment
0390,-0.36597373949549605,-0.096142068974869,-0.3955581791293936,-0.46211580847036504,0.46170386991422885,1,0.5,-0.3955581791293936,Treatment
0392,1.0017459878736805,0.8005015245968381,2.6836021319358236,1.8022475124705186,0.7882898597075285,1,0.5,2.6836021319358236,Treatment
0393,1.3661577395405098,-0.490088266470595,1.6014866241695183,0.8760694730699148,0.31203572032357735,0,0.5,0.8760694730699148,Control
0395,-0.8831427482251863,-0.22436522553288604,-0.8946458521347838,-1.1075079737580724,0.4112365634725028,1,0.5,-0.8946458521347838,Treatment
0397,-0.7419431719877727,1.6672694361705125,5.651266291674161,0.9253262641827398,0.9522695793999549,1,0.5,5.651266291674161,Treatment
0398,-0.8217828852168593,0.46085098130944707,-0.16659014061437505,-0.3609319039074122,0.6775472388740356,1,0.5,-0.16659014061437505,Treatment
0399,1.2964345557896535,-0.7764631227655874,2.113992956436635,0.5199714330240661,0.21873779331960713,0,0.5,0.5199714330240661,Control
0403,-1.7673881166695415,0.3970868090720379,-1.2534888442554966,-1.3703013075975037,0.6543482765762193,1,0.5,-1.2534888442554966,Treatment
0406,-0.07597230712275217,1.1025550868210696,2.9065606752378157,1.0265827796983173,0.8648897881754329,0,0.5,1.0265827796983173,Control
0407,-0.36827708920143315,1.508642724811532,4.93805001545786,1.1403656356100988,0.9343049452200016,1,0.5,4.93805001545786,Treatment
0411,1.0637925963232155,-0.2731924909657653,1.0764646250804923,0.7906001053574503,0.3923526259284992,0,0.5,0.7906001053574503,Control
0413,0.11574508337910873,0.8271818523436517,1.8977956432442842,0.9429269357227604,0.7959330019732682,0,0.5,0.9429269357227604,Control
0415,0.4447742826499812,-0.31620961659599256,0.4866465176075542,0.12856466605398864,0.37592170448719786,0,0.5,0.12856466605398864,Control
0418,0.7077481595534386,0.2263371718605686,0.9233737762154041,0.9340853314140072,0.5895304052712335,1,0.5,0.9233737762154041,Treatment
0419,-0.5135153484079664,0.4020879996425934,0.01087817032649463,-0.11142734876537302,0.6561903679500518,1,0.5,0.01087817032649463,Treatment
0420,0.1900263494783167,0.4430791752880049,0.8042042482701164,0.6331055247663215,0.6711457663272923,1,0.5,0.8042042482701164,Treatment
0425,-0.19257747264667513,1.0055000261283362,2.3322331455056626,0.8129225534816611,0.8426719315521412,1,0.5,2.3322331455056626,Treatment
0426,1.0377880932623598,-0.38623921636909164,1.143029949600634,0.6515488768932681,0.3496597562057751,0,0.5,0.6515488768932681,Control
0427,0.8637890948516456,-0.5307837715747235,1.1618600333984603,0.3330053232769221,0.297784313542686,1,0.5,1.1618600333984603,Treatment
0428,2.035578124245928,0.5280016340928803,2.8571503925018717,2.563579758338808,0.7012508991140566,0,0.5,2.563579758338808,Control
0429,0.21778121667757724,0.8864338938484827,2.2325282599285847,1.10421511052606,0.8123081191295987,1,0.5,2.2325282599285847,Treatment
0430,-1.4744787083545192,1.538149145401797,4.026401451346937,0.06367043704727782,0.9379939240280304,1,0.5,4.026401451346937,Treatment
0431,0.3556931814089725,0.0024299778863029198,0.3569199799371798,0.3581231592952754,0.5009694199652494,0,0.5,0.3581231592952754,Control
0432,-1.2188872438372775,-0.280054566822515,-1.202053406452242,-1.4989418106597925,0.3897178204276611,0,0.5,-1.4989418106597925,Control
0434,0.040559135441119644,-0.4409131020510407,0.20891131153614212,-0.400353966609921,0.32963795401876683,1,0.5,0.20891131153614212,Treatment
0435,-1.1945035265413844,-0.11599075726297839,-1.2255911936319952,-1.3104942838043627,0.45382993349360934,1,0.5,-1.2255911936319952,Treatment
0436,0.40216232643913685,-1.3147062049040297,3.2017140344134347,-0.9125438784648928,0.09430433021183192,1,0.5,3.2017140344134347,Treatment
0439,-0.9531383881054785,-0.09793091607718618,-0.9829229174966377,-1.0510693041826646,0.4609935752466552,1,0.5,-0.9829229174966377,Treatment
0441,0.43269271866914294,1.6473215512191952,6.683690080501171,2.080014269888338,0.9502540147723155,0,0.5,2.080014269888338,Control
0442,-0.3113935245321904,1.9743822497841421,8.47216813688526,1.6629887252519517,0.9758308525889825,1,0.5,8.47216813688526,Treatment
0444,-0.19392113487968768,0.13109920418965804,-0.09399753010653536,-0.06282193069002964,0.5521515846526474,1,0.5,-0.09399753010653536,Treatment
0445,0.10961429920112174,0.5641314914694008,1.0281687242708033,0.6737457906705225,0.7136676761840366,1,0.5,1.0281687242708033,Treatment
0447,0.6557678107648699,0.143547921998152,0.768753783583921,0.7993157327630219,0.5570712665889319,0,0.5,0.7993157327630219,Control
0448,-0.0032444561184191904,0.8913920820549006,2.0316112728093727,0.8881476259364814,0.8136405679862553,1,0.5,2.0316112728093727,Treatment
0450,0.8778911919607532,0.14074179082972205,0.9878785907475287,1.0186329827904752,0.5559630353216712,1,0.5,0.9878785907475287,Treatment
0454,-0.27118170521242857,-0.8046855064472836,0.6215130701365723,-1.075867211659712,0.21050059267412397,0,0.5,-1.075867211659712,Control
0457,-1.0838174714422402,2.2952102903610894,10.599768227697178,1.2113928189188492,0.9891394621252716,0,0.5,1.2113928189188492,Control
0458,0.07311136896169015,1.6532705861169021,6.366353923858791,1.7263819550785924,0.9508620967681595,0,0.5,1.7263819550785924,Control
0466,0.18023292324112514,1.2375704977653055,3.8621796460019095,1.4178034210064305,0.8920623203658405,1,0.5,3.8621796460019095,Treatment
0467,-0.6836713979008207,1.707518491253894,6.001326643674076,1.0238470933530734,0.9561371380781083,1,0.5,6.001326643674076,Treatment
0470,-1.18130272961462,0.2193737893011938,-0.9753661160992939,-0.9619289403134261,0.5868205570663649,1,0.5,-0.9753661160992939,Treatment
0471,-0.07121714344272823,1.3625843046433213,4.3233469833995795,1.291367161200593,0.9134932209275741,0,0.5,1.291367161200593,Control
0475,1.7757838378790192,0.5044885065945903,2.537045397748394,2.2802723444736097,0.6930409316056445,0,0.5,2.2802723444736097,Control
0477,0.8124978160460444,0.5000562866320654,1.5626385389625779,1.3125541026781098,0.6914822775666638,0,0.5,1.3125541026781098,Control
0478,-0.7111143578363698,0.34132834123322875,-0.30744011416170053,-0.36978601660314103,0.6335717927965376,0,0.5,-0.36978601660314103,Control
0480,0.8949488182586811,0.8559664527152359,2.7882891809641075,1.750915270973917,0.8039918321126475,0,0.5,1.750915270973917,Control
0482,0.9280976898161195,-0.5374522446325067,1.2370813980209059,0.39064544518361277,0.2954776317785467,0,0.5,0.39064544518361277,Control
0487,1.7101598772099769,0.9174827625924536,3.8524504978147647,2.6276426398024304,0.8205551392488063,0,0.5,2.6276426398024304,Control
0490,-1.4132645381324382,1.3507884180393699,2.911388371505854,-0.062476120093068355,0.9116183903879057,0,0.5,-0.062476120093068355,Control
0493,-1.2127624056969706,-0.3876698749353505,-1.1060214792998653,-1.600432280632321,0.3491301759952099,0,0.5,-1.600432280632321,Control
0498,-0.673696613879809,0.28136659179198775,-0.3746790000305369,-0.3923300220878212,0.6107853803178812,1,0.5,-0.3746790000305369,Treatment
0500,0.6036276907438841,0.45333175167373096,1.2413129207318963,1.056959442417615,0.6748450637904654,0,0.5,1.056959442417615,Control
0504,1.5620783341850681,-0.09097544228717096,1.5331436752401755,1.4711028918978972,0.4637560521685607,0,0.5,1.4711028918978972,Control
0505,0.2615883159668024,-0.8373076374141766,1.2451026566039345,-0.5757193214473741,0.2012098336858083,0,0.5,-0.5757193214473741,Control
0507,0.4464146876166564,-0.1559712712263051,0.41708312689940313,0.2904434163903513,0.4380278331446043,1,0.5,0.41708312689940313,Treatment
0509,-0.09310488441192646,0.25710554944725866,0.1676544174248564,0.1640006650353322,0.601451353159499,0,0.5,0.1640006650353322,Control
0510,-2.6423301956000818,0.4153451566415643,-2.0896344189880884,-2.2269850389585173,0.6610553756771885,0,0.5,-2.2269850389585173,Control
0513,-1.9494129184397353,-0.5119236015349815,-1.681243171590133,-2.461336519974717,0.30435223973144065,0,0.5,-2.461336519974717,Control
0514,-0.2123696124889416,-0.04787237994768921,-0.23172227293907438,-0.2602419924366308,0.4809089758765102,1,0.5,-0.23172227293907438,Treatment
0517,-1.0203177468258855,0.4985861902112644,-0.2738482735814871,-0.5217315566146211,0.690964532061048,0,0.5,-0.5217315566146211,Control
0521,-0.2856514540318648,1.3874600905304306,4.258169596862771,1.1018086364985658,0.9173492437086255,1,0.5,4.258169596862771,Treatment
0522,-0.17671011136472764,2.3285284541337674,11.831643639123342,2.15181834276904,0.9900579699258434,1,0.5,11.831643639123342,Treatment
0523,0.058470338754361854,0.9559480317013156,2.3641176332322584,1.0144183704556775,0.8304507546924194,1,0.5,2.3641176332322584,Treatment
0524,1.49882813899043,-0.045639356096315836,1.480174362592045,1.4531887828941144,0.48179885010548595,1,0.5,1.480174362592045,Treatment
0526,-0.024436796937289833,0.795890738728021,1.6403927084127905,0.7714539417907311,0.7869522276547146,0,0.5,0.7714539417907311,Control
0527,1.859212657329497,1.1837632539663812,5.2536851671948375,3.042975911295878,0.8817466040377531,1,0.5,5.2536851671948375,Treatment
0528,-0.4407510259870691,-0.66736388498463906,0.1163161414841925,-1.1081149109717081,0.2522698643185028,0,0.5,-1.1081149109717081,Control
0530,0.30317833370891817,0.3508753852570006,0.7248430982959158,0.6540537189659188,0.6371590806857123,0,0.5,0.6540537189659188,Control
0531,0.46088463826476556,0.011044466191565499,0.4666508318274616,0.47192910445633107,0.5044060149536421,0,0.5,0.47192910445633107,Control
0532,0.10428051852972754,1.4127833966212124,4.802586068377474,1.51706391515094,0.9211402892062865,1,0.5,4.802586068377474,Treatment
0533,1.1198513481494892,0.1326654356013999,1.2213843015568076,1.252516783750889,0.5527710102119784,0,0.5,1.252516783750889,Control
0534,-0.21534198563939982,0.3407625990080721,0.18727761163010853,0.12542061336867227,0.6333588456512893,1,0.5,0.18727761163010853,Treatment
0535,-0.17718722796803427,0.455483310804418,0.46548452027688286,0.27829608283638374,0.6756192142500203,0,0.5,0.27829608283638374,Control
0538,-1.2444387392164158,0.22900426960337888,-1.0250506934215722,-1.0154344696130368,0.5905672011801452,0,0.5,-1.0154344696130368,Control
0539,-0.6671326215725565,1.2825277604162195,3.263886171112041,0.615395138843663,0.9001712134243086,0,0.5,0.615395138843663,Control
0543,-0.5852604831808057,1.3687858259673462,3.846281704541088,0.7835253427865405,0.9144668836083727,1,0.5,3.846281704541088,Treatment
0548,0.9413029973598986,1.2708579600131298,4.806891886423931,2.2121609573730283,0.8981104076593892,1,0.5,4.806891886423931,Treatment
0553,-0.17361587119633368,1.895586446469899,7.960673304119374,1.7219705752735655,0.9709926245656564,0,0.5,1.7219705752735655,Control
0555,2.0255329708569008,0.12320822675835116,2.117497618517951,2.148741197615252,0.5490288944021432,1,0.5,2.117497618517951,Treatment
0556,0.03919844679811783,0.8190324687806948,1.790343051022465,0.8582309155788126,0.7936160554536409,0,0.5,0.8582309155788126,Control
0557,1.712976671602249,0.43933266718371056,2.31866939010361,2.1523093387859595,0.669789746383375,1,0.5,2.31866939010361,Treatment
0558,0.8336401763978296,1.0417827691651969,3.5251542372394398,1.8754229455630265,0.8512437977074813,1,0.5,3.5251542372394398,Treatment
0560,-1.0142644094291486,0.330891042628182,-0.629841123931927,-0.6833733668009667,0.6296366059157292,0,0.5,-0.6833733668009667,Control
0564,1.9887709155029878,-0.43047463630015814,2.1441504223484156,1.5582962792028296,0.33342520653965246,0,0.5,1.5582962792028296,Control
0565,0.15549444632037315,0.05017864085344702,0.1856195587428951,0.20567308717382016,0.5200099838809754,0,0.5,0.20567308717382016,Control
0566,1.860675780585688,-0.9501881265673249,3.191296669041071,0.9104876540183631,0.17100833532130794,1,0.5,3.191296669041071,Treatment
0568,1.9885835161732106,-0.5267844387473225,2.2801949866122126,1.461799077425888,0.2991716451925151,0,0.5,1.461799077425888,Control
0570,-1.682712612331283,0.8114213685546942,0.039807346640409635,-0.8712912437765888,0.7914381340648984,1,0.5,0.039807346640409635,Treatment
0573,-0.8609089315179096,0.4425543967899654,-0.24792294488666666,-0.4183545347279442,0.6709559618700787,0,0.5,-0.4183545347279442,Control
0575,0.4859379164608204,-0.6637406740582387,1.035170944230271,-0.17780275759741826,0.2534281509514391,0,0.5,-0.17780275759741826,Control
0576,1.4764308780032118,0.9037080999653059,3.5616615878716713,2.380138977968518,0.8169248985305504,1,0.5,3.5616615878716713,Treatment
0577,0.32294708520762566,1.3480003110712624,4.631156918039697,1.670947396278888,0.9111708587226337,0,0.5,1.670947396278888,Control
0582,-1.2013903269558743,-0.49939102652536466,-0.9523030454704418,-1.700781353481239,0.30875196980212527,1,0.5,-0.9523030454704418,Treatment
0584,-1.940195690078126,2.0429656604641435,7.428704519825334,0.10276997038601743,0.9794720812104996,0,0.5,0.10276997038601743,Control
0586,-0.7736324857018186,1.670492520996239,5.6427043002050405,0.8968600352944203,0.9525890210344511,1,0.5,5.6427043002050405,Treatment
0594,-0.8860004616866567,0.890186053577459,1.1439549850696942,0.004185591890802254,0.8133170040081885,0,0.5,0.004185591890802254,Control
0596,-0.12724936295966902,0.4874358582313369,0.5916559979354393,0.3601864952716679,0.6870252563292951,0,0.5,0.3601864952716679,Control
0597,0.4707393234684682,0.2858497661379545,0.7770843841396919,0.7565890896064227,0.6125034051061157,0,0.5,0.7565890896064227,Control
0598,0.7615196583613407,-0.855080114098261,1.7963036043648004,-0.09356045573692029,0.19625339885157583,0,0.5,-0.09356045573692029,Control
0599,-1.0084292943869737,-0.07804160989300293,-1.035269113584092,-1.0864709042799767,0.46889747699854095,1,0.5,-1.035269113584092,Treatment
0600,-0.6953150213336213,1.2680441545703838,3.1545790118318093,0.5727291332367624,0.8976089085801712,1,0.5,3.1545790118318093,Treatment
0602,1.0490504068291355,0.39770132263968566,1.564233752207689,1.4467517294688212,0.6545748188212221,1,0.5,1.564233752207689,Treatment
0603,-1.364273705865922,0.16843917092352548,-1.22331061180135,-1.1958345349423964,0.5668811028194354,1,0.5,-1.22331061180135,Treatment
0605,-0.069631905169448,0.2183336782828207,0.13487412411697483,0.14870177311337268,0.5864154320587109,1,0.5,0.13487412411697483,Treatment
0610,1.6081086536734108,0.028345240774826242,1.6238881794099898,1.636453894448237,0.5113066009198417,0,0.5,1.636453894448237,Control
0611,-0.13506049147439414,-0.17662306137836128,-0.16098061054224602,-0.3116835528527554,0.4299022392543041,1,0.5,-0.16098061054224602,Treatment
0616,0.23598196239217403,0.47161037591823673,0.9166198436987736,0.7075923383104108,0.6813975403818746,0,0.5,0.7075923383104108,Control
0618,-0.024355593069566046,0.8258012917589387,1.7524405997513668,0.8014456986893727,0.7955415893919817,1,0.5,1.7524405997513668,Treatment
0620,0.7420174884487398,-0.4072438972086071,0.8700907234717454,0.33477359124013273,0.3419144318230916,0,0.5,0.33477359124013273,Control
0621,-0.5300721150725028,1.0030302680042154,1.9835824559948212,0.4729581529317125,0.8420768712636952,1,0.5,1.9835824559948212,Treatment
0629,-1.1569851036018264,0.8242143608905497,0.6137807022398829,-0.3327707427112767,0.7950911157193904,1,0.5,0.6137807022398829,Treatment
0630,-0.8726283873488783,0.3172750632569168,-0.5126639241910588,-0.5553533240919615,0.6244825513586965,0,0.5,-0.5553533240919615,Control
0632,-0.2909552320448067,0.4813253264094384,0.4130555708462174,0.1903700943646317,0.6848573501496742,0,0.5,0.1903700943646317,Control
0634,0.04873546642989472,0.26894015250401304,0.32786315393966486,0.3176756189339078,0.6060121311792855,1,0.5,0.32786315393966486,Treatment
0635,-1.5479774055686673,0.02151817790899335,-1.5362922526531244,-1.526459227659674,0.5085838485272554,1,0.5,-1.5362922526531244,Treatment
0636,0.7276133872710249,0.13974143402055061,0.83653944104554,0.8673548212915755,0.5555678560178996,1,0.5,0.83653944104554,Treatment
0640,-1.841056849153039,-0.3261463202214953,-1.7913871648757422,-2.167203169374534,0.372156826431271,1,0.5,-1.7913871648757422,Treatment
0641,1.3163940403834564,0.3743595757933187,1.7838640122564229,1.690753616176775,0.6459315930868821,1,0.5,1.7838640122564229,Treatment
0643,0.6100918221121742,0.1597162421245692,0.7409684991712469,0.7698080642367433,0.56344769710632,0,0.5,0.7698080642367433,Control
0644,0.8956155155481258,-0.030709615656301214,0.8821468687074907,0.8649058998918245,0.4877505612978624,1,0.5,0.8821468687074907,Treatment
0648,-0.4709581816939366,1.9161249687327224,7.830174094274377,1.4451667870387859,0.9723254045831936,0,0.5,1.4451667870387859,Control
0651,0.11619400933044072,0.3050133757100988,0.45476701590962987,0.4212073850405395,0.6198220174526959,0,0.5,0.4212073850405395,Control
0652,-0.6699142679366334,1.2710112006425776,3.196530276702428,0.6010969327059441,0.8981376680169013,0,0.5,0.6010969327059441,Control
0656,-0.42468516174570786,-0.5970230527729466,-0.010323637047523926,-1.0217082145186545,0.27524599480058015,0,0.5,-1.0217082145186545,Control
0657,1.4577510283745019,1.1414795898532786,4.634442131404359,2.5992306182277805,0.8731647996295069,1,0.5,4.634442131404359,Treatment
0658,0.18652315494300012,1.5557907070229229,5.805387956572234,1.742313861965923,0.9401210656766235,1,0.5,5.805387956572234,Treatment
0659,-1.2722840410032665,0.9078070623366862,0.8298468150218046,-0.36447697866658035,0.8180099167778996,0,0.5,-0.36447697866658035,Control
0662,0.8511091999051262,1.6210357487498372,6.917140871729936,2.4721449486549636,0.9474950139557761,1,0.5,6.917140871729936,Treatment
0665,0.3724752316886213,-0.7781345418874839,1.1943946913017682,-0.4056593101988626,0.21824485058934248,1,0.5,1.1943946913017682,Treatment
0667,0.6564868655542934,0.1108611450542071,0.7364978250468568,0.7673480106085004,0.544136771313329,1,0.5,0.7364978250468568,Treatment
0670,-1.6686251335010724,1.1800626690122848,1.7065020065978649,-0.4885624644887876,0.881012354639275,0,0.5,-0.4885624644887876,Control
0671,0.33729891667666434,0.3355495771110702,0.7302607426310355,0.6728484937877346,0.6313947235057051,0,0.5,0.6728484937877346,Control
0673,2.0678481248316265,-0.8427127048596661,3.0668211782655828,1.2251354199719604,0.1996945699694656,1,0.5,3.0668211782655828,Treatment
0674,0.6202691406835177,-0.21786822375143616,0.6062681546490113,0.4024009169320815,0.4137658930971448,1,0.5,0.6062681546490113,Treatment
0675,1.251993825700963,1.4252792101719622,6.027475084683769,2.6772730358729255,0.9229617463584949,0,0.5,2.6772730358729255,Control
0677,-0.48801265939934535,0.017704737131190623,-0.4785333753999809,-0.4703079222681547,0.5070627992216111,0,0.5,-0.4703079222681547,Control
0678,-0.8408304132922898,0.39009458742956626,-0.34143554529381964,-0.45073582586272354,0.6517666974821825,0,0.5,-0.45073582586272354,Control
0679,-0.3099419565499966,1.3549333508185024,4.039213489179764,1.0449913942685058,0.9122806036319032,1,0.5,4.039213489179764,Treatment
0682,0.23466809659798465,0.8513158057460471,2.1098032016970913,1.0859839023440319,0.8027030264113085,0,0.5,1.0859839023440319,Control
0686,-0.17334171907881005,1.4971325034336116,5.058035998312781,1.3237907843548016,0.932820608112117,1,0.5,5.058035998312781,Treatment
0688,1.2165837089130496,0.5552132178760173,2.110713752459542,1.771796926789067,0.710625585502945,1,0.5,2.110713752459542,Treatment
0692,-0.8085297356296495,1.0392701392153498,1.8712701785074104,0.23074040358570036,0.8506604408468332,1,0.5,1.8712701785074104,Treatment
0693,0.04130135906474363,0.18102541238921455,0.1973544651207213,0.22232677145395818,0.5718261853324298,0,0.5,0.22232677145395818,Control
0695,0.09328101681719939,0.5912101693388211,1.0879450301458848,0.6844911861560204,0.722810195095728,1,0.5,1.0879450301458848,Treatment
0697,-0.7048212947189518,0.25452338215953707,-0.44799529950732375,-0.45029791255941476,0.6004543788059713,0,0.5,-0.45029791255941476,Control
0702,0.4319765522844553,0.28433961375274824,0.7358443910589536,0.7163161660372035,0.6119249345025309,1,0.5,0.7358443910589536,Treatment
0703,2.763214292169469,1.0214826069907437,5.360809028434053,3.784696899160213,0.8464870772872467,1,0.5,5.360809028434053,Treatment
0706,-1.3441086035828254,1.4377040721358132,3.508729430556881,0.09359546855298784,0.9247409813971821,0,0.5,0.09359546855298784,Control
0709,-0.10051161597835964,0.9804560869988098,2.312304704587081,0.8799444710204501,0.8365694821153048,0,0.5,0.8799444710204501,Control
0711,1.2082110734525933,0.33414722469595193,1.5985934213445832,1.542358298148545,0.6308657670732042,1,0.5,1.5985934213445832,Treatment
0717,0.4069626576931289,0.48935015644666413,1.1305648871452103,0.896312814139793,0.6877030913004765,0,0.5,0.896312814139793,Control
0720,0.816654041508008,-0.13924502094126603,0.7858098827512422,0.677409020566742,0.4446282667201406,1,0.5,0.7858098827512422,Treatment
0721,-0.7179029123828359,1.7617787507191984,6.370715195948162,1.0438758383363624,0.9609466568518615,1,0.5,6.370715195948162,Treatment
0724,-0.5048698997060528,0.3108253485961942,-0.15623243074806437,-0.19404455110985858,0.622033300931353,1,0.5,-0.15623243074806437,Treatment
0726,0.1529042085003395,-0.7922302788427981,1.0120466985096157,-0.6393260703424586,0.21411320823968255,0,0.5,-0.6393260703424586,Control
0729,-0.3983373113640706,0.1454185264715236,-0.28333495244601037,-0.252918784892547,0.5578097809354928,0,0.5,-0.252918784892547,Control
0731,1.1359690050786482,1.0771459006531923,3.995028537993198,2.2131149057318407,0.8592924551604784,0,0.5,2.2131149057318407,Control
0732,-2.6578496342623525,1.0556542506768745,0.0987892850203913,-1.602195383585478,0.8544368971372733,0,0.5,-1.602195383585478,Control
0738,-0.47102265236984703,-0.9481327131504756,0.8528222745470793,-1.4191553655203226,0.17153094819191878,1,0.5,0.8528222745470793,Treatment
0742,0.4311794952775679,0.7740176018550665,2.016394792168038,1.2051970971326345,0.7805398088576008,0,0.5,1.2051970971326345,Control
0745,0.978673327605367,0.8477639234958924,2.8399626293156115,1.8264372511012592,0.8017152708268507,0,0.5,1.8264372511012592,Control
0747,0.5639244026089729,0.5355607469338346,1.4053554033885438,1.0994851495428075,0.7038689182482557,0,0.5,1.0994851495428075,Control
0751,-0.9553943045284383,1.1160236500584053,2.0936350954801366,0.160629345529967,0.867793994313152,0,0.5,0.160629345529967,Control
0753,0.4686601726204209,0.11734390223284348,0.5548713065193049,0.5860040748532644,0.5467062318165722,0,0.5,0.5860040748532644,Control
0754,1.746103186912892,1.2785455950470237,5.6547336616647,3.0246487819599155,0.8994714405543174,0,0.5,3.0246487819599155,Control
0755,-1.7206215844790644,-0.2028522136460309,-1.73974965013989,-1.9234737981250953,0.41962527282209333,1,0.5,-1.73974965013989,Treatment
0757,1.6776311792388665,1.4281850500525508,6.471148778652356,3.1058162292914173,0.9233806987496805,1,0.5,6.471148778652356,Treatment
0761,-0.31131597263372046,1.062489999980604,2.4776990274741486,0.7511740273468834,0.8559933523123067,0,0.5,0.7511740273468834,Control
0765,0.7197898431406617,1.1344399405761392,3.8609177709775198,1.854229783716801,0.871694973355963,1,0.5,3.8609177709775198,Treatment
0766,-0.364257088220119,-1.2424722641856678,2.101981434228367,-1.6067293524057868,0.10703118382642784,0,0.5,-1.6067293524057868,Control
0774,0.09138491025970569,0.8710543376782813,2.044383397475145,0.9624392479379871,0.8081377576526323,0,0.5,0.9624392479379871,Control
0778,-1.2580436296448185,2.2168214854605774,9.678962109884752,0.9587778558157589,0.9866823536480539,0,0.5,0.9587778558157589,Control
0783,1.2055797058711122,1.6650185847160033,7.582662773128479,2.8705982905871155,0.952045475953948,0,0.5,2.8705982905871155,Control
0785,-0.36564693452173763,1.1881247766789687,3.051696423734645,0.822477842157231,0.8826078728857911,1,0.5,3.051696423734645,Treatment
0786,-0.4829717417241861,-0.26437415380153895,-0.47537143222839606,-0.7473458955257251,0.3957458127517678,1,0.5,-0.47537143222839606,Treatment
0792,1.096517323307202,0.6256097046525705,2.1920971807444403,1.7221270279597727,0.7342145140910404,0,0.5,1.7221270279597727,Control
0798,0.5468664086400251,1.6093113729783308,6.531288285523991,2.156177781618356,0.9462258632526939,1,0.5,6.531288285523991,Treatment
0799,0.9137614309203324,1.4663323858444568,5.947188955395155,2.380093816764789,0.9287211216696021,0,0.5,2.380093816764789,Control
0801,-0.08893418414269792,2.05171485299299,9.355990918337891,1.9627806688502922,0.9799013087938819,0,0.5,1.9627806688502922,Control
0802,0.784923148210951,1.5163057180041923,6.141442068117466,2.301228866215143,0.9352789667660073,1,0.5,6.141442068117466,Treatment
0804,-1.1924316564567405,-0.5446970604851842,-0.8713904112969318,-1.7371287169419247,0.29298094344148573,1,0.5,-0.8713904112969318,Treatment
0806,-1.1596365888462867,0.7350363313415701,0.2884383936086472,-0.42460025750471664,0.7688413160519645,1,0.5,0.2884383936086472,Treatment
0807,0.420680482743476,1.4925714208107892,5.622505085591147,1.9132519035542652,0.9322252955189665,1,0.5,5.622505085591147,Treatment
0808,0.49753608117712717,0.6430767966108659,1.6461700121611462,1.1406128777879931,0.7399128651268774,0,0.5,1.1406128777879931,Control
0811,0.4966392321284235,1.3619559979084659,4.887465511560347,1.8585952300368893,0.9133941139372566,0,0.5,1.8585952300368893,Control
0812,0.5898163555438692,1.1668761221287987,3.896454185396955,1.7566924776726678,0.8783697999842611,1,0.5,3.896454185396955,Treatment
0815,-0.26284893831788553,0.7699029935112235,1.3076037972728123,0.507054055193338,0.7793212809670494,1,0.5,1.3076037972728123,Treatment
0817,-1.2289757377085593,2.2132801191677687,9.67488209368191,0.9843043814592094,0.9865608303048101,0,0.5,0.9843043814592094,Control
0818,-1.1706006409496217,0.35946837347535004,-0.7324314311539192,-0.8111322674742716,0.6403776334085923,1,0.5,-0.7324314311539192,Treatment
0819,-0.011758259161589618,0.9838401791847343,2.416044826787278,0.9720819200231448,0.8374029498028952,0,0.5,0.9720819200231448,Control
0821,-0.968698856075624,-0.259224412412768,-0.9639164703005183,-1.227923268488392,0.397731048164341,0,0.5,-1.227923268488392,Control
0822,0.17432152844646942,0.9737748708346016,2.5576839620016605,1.148096399281071,0.8349158335728787,0,0.5,1.148096399281071,Control
0827,-1.5490335230838912,0.5325547324734413,-0.7155270706874532,-1.0164787906104498,0.7028290776142933,1,0.5,-0.7155270706874532,Treatment
0830,-0.6920038129123021,1.4298010301354425,4.1115586737081635,0.7377972172231404,0.9236129333200198,0,0.5,0.7377972172231404,Control
0833,0.9814865035693399,2.6268245612591525,16.095313335467594,3.6083110648284924,0.9956907121652784,1,0.5,16.095313335467594,Treatment
0834,1.8055632056188113,1.2909963452739164,5.784404505276988,3.096559550892728,0.9016475275911437,0,0.5,3.096559550892728,Control
0836,-0.9954319019624461,-0.3416843380142019,-0.93277769728114035,-1.337116239976648,0.36629422997338323,1,0.5,-0.93277769728114035,Treatment
0839,-0.414918656426249,1.121966614136989,2.663682817118284,0.70704795771074,0.8690616823487987,1,0.5,2.663682817118284,Treatment
0842,-0.5218117063424467,1.2521191559743623,3.2398526331606328,0.7303074496319156,0.8947367757440561,0,0.5,0.7303074496319156,Control
0843,-1.2936109341477033,0.5662847530680065,-0.36911171449911384,-0.7273261810796968,0.7143998882786965,0,0.5,-0.7273261810796968,Control
0844,0.049683144083665975,0.6973846792163053,1.3710662653030767,0.7470678232999712,0.7572189565257683,0,0.5,0.7470678232999712,Control
0846,0.759300745879993,-0.3993781646701977,0.8786175003755652,0.35992258120979526,0.3448072902419069,1,0.5,0.8786175003755652,Treatment
0847,0.35618841601762674,0.20588171640674455,0.5439038365221733,0.5620701324243713,0.581558346152698,0,0.5,0.5620701324243713,Control
0850,1.439303096322922,0.44610942865414854,2.060385055318258,1.8854125249770706,0.6722408988139846,1,0.5,2.060385055318258,Treatment
0851,1.0575979354393998,0.39404840767628596,1.565170434461976,1.4516463431156859,0.6532273498286176,1,0.5,1.565170434461976,Treatment
0852,-1.093759563420113,0.7699520224118381,0.47686868141796546,-0.3238075410082748,0.7793358234935007,0,0.5,-0.3238075410082748,Control
0853,0.4883551904010354,0.6578489422096132,1.682810123038456,1.1462041326106487,0.7446823991093976,1,0.5,1.682810123038456,Treatment
0854,-1.136503670810702,-0.22441503000897806,-1.1479869744273299,-1.36091870081968,0.4112171883312955,1,0.5,-1.1479869744273299,Treatment
0856,1.6685189195791201,-0.49354867570228994,1.9089251723029435,1.1749702438768301,0.3108124776749944,0,0.5,1.1749702438768301,Control
0857,-1.303600365965139,0.902592088081282,0.7770406330093595,-0.40100827788385696,0.8166287863997934,1,0.5,0.7770406330093595,Treatment
0862,-1.1940066530079927,1.3933341641396972,3.3854206149795933,0.19932751113170455,0.9182406179521224,1,0.5,3.3854206149795933,Treatment
0863,-0.6913330629723018,0.11931306540700766,-0.6032053151151642,-0.5720199975652941,0.5474863336284752,0,0.5,-0.5720199975652941,Control
0866,1.070657995804269,0.37119276513109534,1.5318225161411536,1.4418507609353644,0.6447530193008563,0,0.5,1.4418507609353644,Control
0870,-1.40941611291256,0.9728550410141832,0.9699052692479477,-0.4365610718983768,0.8346873237636161,0,0.5,-0.4365610718983768,Control
0871,0.555772907906567,0.7144441148721172,1.9338557518934318,1.2702170227786842,0.762523699265286,1,0.5,1.9338557518934318,Treatment
0872,0.8614960429176197,1.4681184525480673,5.906298850615916,2.329614495465687,0.9289639749589407,1,0.5,5.906298850615916,Treatment
0873,1.9130183820448678,0.9689023039280054,4.275012883122864,2.881920685972873,0.8337030320773691,0,0.5,2.881920685972873,Control
0874,0.5116266001056176,0.44646041316478974,1.133510607734562,0.9580870132704074,0.6723676490419019,1,0.5,1.133510607734562,Treatment
0875,1.167636268705165,0.9160181117850719,3.303823686834278,2.0836543804902368,0.820171302278174,0,0.5,2.0836543804902368,Control
0876,0.07265674469454175,0.20119609085563175,0.2542145240735329,0.2738528355501735,0.5797273759786148,0,0.5,0.2738528355501735,Control
0877,0.7375572875399882,1.1185672259183823,3.79922617829667,1.8561245134583704,0.8683375940372453,0,0.5,1.8561245134583704,Control
0879,0.44550088194853554,0.20112393011945595,0.6269645175416552,0.6466248120679915,0.5796991646147874,1,0.5,0.6269645175416552,Treatment
0883,0.961328981083513,1.7131599832399917,7.687743229053207,2.674488964323505,0.9566584443446529,1,0.5,7.687743229053207,Treatment
0884,0.21476458712067611,0.8187171753763053,1.9647188013211403,1.0334817624969814,0.7935261024703344,1,0.5,1.9647188013211403,Treatment
0888,0.40479431381576625,-0.6015344312393188,0.8277144421289284,-0.19674011742355257,0.2737420430090993,0,0.5,-0.19674011742355257,Control
0889,-0.3174981711180621,2.289136576432753,11.307362648222846,1.9716384053146911,0.9889642908820812,0,0.5,1.9716384053146911,Control
0890,-1.0421974853237947,-0.02279330981602259,-1.0525550702870676,-1.0649907951398174,0.4909075723166101,1,0.5,-1.0525550702870676,Treatment
0893,0.7543930226864348,1.6296295552477034,6.880592774983942,2.384022577934138,0.9484100930030165,0,0.5,2.384022577934138,Control
0896,-0.2532491967302355,0.5763103116352659,0.6991731096816721,0.3230611149050304,0.7177972728760057,0,0.5,0.3230611149050304,Control
0899,-0.6110799682825105,2.2605807954245387,10.73966149471424,1.6495008271420282,0.9881073859612516,1,0.5,10.73966149471424,Treatment
0901,-0.32281149448616936,0.49562091000858344,0.41627913339359507,0.17280941552241408,0.6899190513893151,0,0.5,0.17280941552241408,Control
0903,-0.8048392535588216,-0.0053050248668118725,-0.8074354794145525,-0.8101442784256334,0.4978836112090759,1,0.5,-0.8074354794145525,Treatment
0904,0.2931667322386216,-0.019678712873609946,0.2841018792825406,0.27348801936501166,0.4921498360790469,0,0.5,0.27348801936501166,Control
0906,-0.7841765734405167,0.9803635817436002,1.6282307222495644,0.19618700830308344,0.8365466601103276,1,0.5,1.6282307222495644,Treatment
0907,-2.6486142763385465,0.9353455246371314,-0.4311990131025598,-1.7132687517014151,0.8251948694236609,0,0.5,-1.7132687517014151,Control
0910,0.2772875916808394,1.5515751873989843,5.867846309684718,1.8288627790798238,0.9396180480029357,0,0.5,1.8288627790798238,Control
0912,-0.7580635510332452,-0.49264158089589405,-0.5189928870259808,-1.2507051319291391,0.3111329311205625,0,0.5,-1.2507051319291391,Control
0913,0.49521025419151804,1.2272071397449826,4.120888551746132,1.7224173939365006,0.890127626692587,1,0.5,4.120888551746132,Treatment
0916,-0.5616313885828688,0.3317541125462928,-0.17563274992696576,-0.22987727603657598,0.629962531738925,1,0.5,-0.17563274992696576,Treatment
0917,-0.6727478952091808,0.15826468159417872,-0.5435201355318778,-0.514483213615002,0.5628758813230473,1,0.5,-0.5435201355318778,Treatment
0919,-0.7988211146043503,2.434889375722632,12.275996117270864,1.636068261118282,0.9925518284580641,0,0.5,1.636068261118282,Control
0921,0.5189352161402316,0.2386500025221667,0.7521678648089754,0.7575852186623984,0.5943115056234025,1,0.5,0.7521678648089754,Treatment
0923,-2.136570517698874,0.6045769056439315,-1.1032555952009255,-1.5319936120549422,0.7272699222941761,1,0.5,-1.1032555952009255,Treatment
0927,1.1005206092737883,0.8710200268468722,3.053382397033876,1.9715406361206604,0.8081283908699914,0,0.5,1.9715406361206604,Control
0931,1.1032009981220452,0.14532947952006092,1.2181070531172193,1.248530477642106,0.5577746297465944,0,0.5,1.248530477642106,Control
0932,0.8190446964444713,-0.043707614784085885,0.8010116002326565,0.7753370816603854,0.4825687346496159,1,0.5,0.8010116002326565,Treatment
0936,0.4125930144110715,0.2996643883065089,0.7420226998025542,0.7122574027175803,0.6177834175368614,1,0.5,0.7420226998025542,Treatment
0938,0.13017612094702924,0.4500931815858468,0.7603904559600928,0.580269302532876,0.673678373481807,0,0.5,0.580269302532876,Control
0940,-1.262932385406707,0.9934903341933348,1.2078588699611286,-0.26944205121337217,0.8397644707078492,1,0.5,1.2078588699611286,Treatment
0943,0.0907056211050212,-0.23939828898794716,0.08562955815176095,-0.14869266788292596,0.40539837831539194,0,0.5,-0.14869266788292596,Control
0945,1.1464170140450942,-0.31568111288358597,1.1878855876661398,0.8307359011615083,0.3761222819558171,0,0.5,0.8307359011615083,Control
0947,0.27729828377859433,0.8008796963955659,1.9605547081736847,1.0781779801741602,0.7883993523466263,0,0.5,1.0781779801741602,Control
0948,0.2670755166097728,-0.5717377636634787,0.6349747755758652,-0.3046622470537059,0.2837498232046236,1,0.5,0.6349747755758652,Treatment
0952,-0.17467381125531267,1.0839728199208154,2.7173067473592645,0.9092990086655027,0.8608115748867402,1,0.5,2.7173067473592645,Treatment
0953,0.8830009337704827,0.6017778683390181,1.908163073585297,1.484778802109501,0.7263389955431896,1,0.5,1.908163073585297,Treatment
0957,-0.16331399004622468,0.33541979543954176,0.22940878601895423,0.17210580539331707,0.6313457813028851,1,0.5,0.22940878601895423,Treatment
0958,1.7481682880189588,0.40252517877221133,2.273483916496266,2.15069346679117,0.6563512190646295,0,0.5,2.15069346679117,Control
0959,0.7090811771269611,1.497352110296009,5.94188391669079,2.20643328742297,0.9328491688554796,0,0.5,2.20643328742297,Control
0960,-0.6781121043540146,0.569157744465761,0.2543478440495708,-0.10895435988825364,0.7153754530836223,1,0.5,0.2543478440495708,Treatment
0961,-0.8625146200590957,1.3896019584632242,3.694273565102173,0.5270873384041285,0.9176751096370495,0,0.5,0.5270873384041285,Control
0962,-1.6813648499144798,1.4397411845309984,3.1842150992204648,-0.24162366538348135,0.9250296816154431,1,0.5,3.1842150992204648,Treatment
0963,-0.11798719394376785,-0.8351123997383131,0.8592820465804435,-0.953099593682081,0.20182721287791264,1,0.5,0.8592820465804435,Treatment
0964,-1.2157204660815442,0.7196478261806727,0.1798894344619275,-0.49607263990087147,0.7641290713222382,0,0.5,-0.49607263990087147,Control
0965,-0.15918578471901304,-0.8575430509415015,0.8828028582463536,-1.0167288356605146,0.1955724164990308,0,0.5,-1.0167288356605146,Control
0966,1.481654473401303,1.1287227649064007,4.594046015890402,2.610377238307704,0.8704925985702598,0,0.5,2.610377238307704,Control
0968,-1.2070853645072785,1.4427165367735366,3.6771349148391446,0.23563117226625807,0.9254498305529582,1,0.5,3.6771349148391446,Treatment
0970,1.216528092213786,0.25001171856909876,1.4665456703420838,1.4665398107828849,0.5987108568733313,0,0.5,1.4665398107828849,Control
0971,0.23219674201559384,1.4694860412019177,5.285718213191122,1.7016827832175117,0.9291494974087791,1,0.5,5.285718213191122,Treatment
0972,0.998294698795022,-0.7065667420009824,1.6434844495982963,0.2917279567940396,0.23991788144309484,1,0.5,1.6434844495982963,Treatment
0975,-0.8908455004769885,0.9990367683317622,1.6048218126464353,0.10819126785477373,0.8411115599518533,0,0.5,0.10819126785477373,Control
0978,0.9399622989744852,0.661650273909696,2.1463496058588847,1.6016125728841812,0.7459023099893289,0,0.5,1.6016125728841812,Control
0979,-2.254248061844666,-0.9136394237131521,-1.0415937805754405,-3.167887485557818,0.18045317189680335,1,0.5,-1.0415937805754405,Treatment
0981,1.6145699595982579,0.8210496993510148,3.373340026882549,2.435619658949273,0.794191020106949,1,0.5,3.373340026882549,Treatment
0982,0.7633802604133305,1.105134798442144,3.758593505089919,1.8685150588554746,0.865449407959203,1,0.5,3.758593505089919,Treatment
0983,-1.641738093361896,-0.48101793261416176,-1.4194905566761722,-2.1227560259760576,0.31525187682368805,1,0.5,-1.4194905566761722,Treatment
0986,-1.1071638176973497,0.7304597329222812,0.32520889160557154,-0.37670408477506856,0.7674453911017088,0,0.5,-0.37670408477506856,Control
0989,0.6878633681655286,-0.060356423169946105,0.6649709522162948,0.6275069449955826,0.47593588231024225,1,0.5,0.6649709522162948,Treatment
0991,-0.4885125439873558,0.008625805062195449,-0.48405083243031605,-0.4798867389251603,0.503441155668839,1,0.5,-0.48405083243031605,Treatment
0993,-1.0558931479689981,1.9443877468200652,7.4775881454090545,0.8884945988510671,0.9740756448248175,0,0.5,0.8884945988510671,Control
0995,0.8158531586392421,0.7893091917576146,2.456525754904167,1.6051623503968568,0.7850343421818835,1,0.5,2.456525754904167,Treatment
0997,-0.778860526630563,0.19156704854450862,-0.6096811341822005,-0.5872934780860544,0.5759593220666959,1,0.5,-0.6096811341822005,Treatment
0998,-0.7901459768557437,0.8821030117920524,1.207116975865502,0.09195703493630869,0.8111394481626248,0,0.5,0.09195703493630869,Control
0999,-1.0116987058579188,0.6998536981477727,0.31781854083819483,-0.3118450077101461,0.7579906621089488,0,0.5,-0.3118450077101461,Control
1000,1.1810674733730129,0.15872549076337963,1.3108177815908542,1.3397929641363926,0.56305742297589,0,0.5,1.3397929641363926,Control
1001,-0.26885890004867263,1.39779033459809,4.337671906242053,1.1289314345494175,0.918911981163703,1,0.5,4.337671906242053,Treatment
1006,-0.021475621927219316,-1.171836968957693,2.139009657225841,-1.1933125908849125,0.12063125851910825,1,0.5,2.139009657225841,Treatment
1008,1.3482018014756887,0.5149148205903943,2.1359337566981615,1.8631166220660829,0.6966937280508162,1,0.5,2.1359337566981615,Treatment
1009,0.4648803382052517,0.8758777900561233,2.4371430394605103,1.340758128261375,0.8094517626027398,1,0.5,2.4371430394605103,Treatment
1011,0.9375595198946537,-0.13952418576448675,0.9067314238388964,0.7980353341301669,0.44451797268995036,0,0.5,0.7980353341301669,Control
1012,0.43478311935203773,0.47746701511188683,1.1294661279476907,0.9122501344639246,0.6834851982395029,0,0.5,0.9122501344639246,Control
1013,0.6419333573637493,1.1636253967067987,3.9317941834392576,1.805558754070548,0.8777120726792422,1,0.5,3.9317941834392576,Treatment
1015,0.6837584356004741,0.5662507431760627,1.608163615483392,1.2500091787765368,0.7143883302154809,0,0.5,1.2500091787765368,Control
1016,0.5862183107350388,1.3000919565060451,4.616742479731495,1.8863102672410839,0.9032152729294654,0,0.5,1.8863102672410839,Control
1018,0.07700446031042321,1.2829590509554507,4.01045183864517,1.359963511265874,0.9002467886190398,1,0.5,4.01045183864517,Treatment
1019,-1.3052103081169901,-0.8477895463700007,-0.2916108514334874,-2.152999854486991,0.19827759294588013,1,0.5,-0.2916108514334874,Treatment
1023,-0.5683426382919079,0.0669328092224391,-0.5259162317798735,-0.5014098290694688,0.526682403193767,0,0.5,-0.5014098290694688,Control
1025,-0.243909692662254,0.9515469434843856,2.0427469503888918,0.7076372508221316,0.8293365998917116,0,0.5,0.7076372508221316,Control
1026,-1.4099203721268454,0.21727894583257135,-1.2068606186063329,-1.1926414262942742,0.586004518020461,1,0.5,-1.2068606186063329,Treatment
1027,-0.6502861369725427,1.2570736680710735,3.138719110978321,0.6067875310985308,0.8956365194489416,0,0.5,0.6067875310985308,Control
1030,-1.816682680458607,2.329909729956938,10.205230884015883,0.5132270494983309,0.9900945386699653,1,0.5,10.205230884015883,Treatment
1031,-1.1892896782548534,-0.24533265009458655,-1.1915797848972811,-1.43462232834944,0.40309943647180324,1,0.5,-1.1915797848972811,Treatment
1035,-0.6433690892233408,-0.24312271480346911,-0.6467131377182573,-0.8864918040268099,0.4039551675870118,0,0.5,-0.8864918040268099,Control
1036,-1.5246504997931705,0.8990383242786422,0.5414084793896488,-0.6256121755145283,0.8156838761996585,1,0.5,0.5414084793896488,Treatment
1038,-0.9844635617093999,0.2029616064359966,-0.8005959311172408,-0.7815019552734033,0.5804174793858485,0,0.5,-0.7815019552734033,Control
1041,1.553808204101649,1.4929651046000778,6.75818036350873,3.046773308701727,0.9322768392685474,1,0.5,6.75818036350873,Treatment
1043,0.6047925692962013,1.0305075900487752,3.2439381506168585,1.6353001593449765,0.8486141044390063,0,0.5,1.6353001593449765,Control
1046,-0.04201702208114515,-0.18845997228721695,-0.06521268591575646,-0.2304769943683621,0.4252580453667541,0,0.5,-0.2304769943683621,Control
1047,1.4822779516779985,0.931535746565291,3.683563519218552,2.4138136982432896,0.8242117487271596,1,0.5,3.683563519218552,Treatment
1048,0.2281962445545532,1.5789232154503348,6.003654892855769,1.8071194600048879,0.9428231648430149,0,0.5,1.8071194600048879,Control
1049,1.1005734503618847,0.7723309956078576,2.6797292817190623,1.8729044459697421,0.7800407940238958,0,0.5,1.8729044459697421,Control
1050,-0.12700827227844186,1.2335825100428572,3.5332346009102586,1.1065742377644154,0.8913207432026973,1,0.5,3.5332346009102586,Treatment
1053,0.3139219018932392,1.152236650545413,3.5453388248861697,1.4661585524386522,0.8753880795795514,0,0.5,1.4661585524386522,Control
1054,0.5054611460155114,-0.040923857307146684,0.48834874155572944,0.4645372887083647,0.48367829899787296,0,0.5,0.4645372887083647,Control
1055,-0.13538699859223957,0.7842201768270461,1.4867256613065707,0.6488331782348066,0.7835445360436419,0,0.5,0.6488331782348066,Control
1057,-0.41494383302962123,0.8963818046933584,1.640247748887702,0.48143797166373714,0.8149755591184652,0,0.5,0.48143797166373714,Control
1059,0.1216416503557639,-0.5458842678384925,0.4446787841836517,-0.4242426174827286,0.29257274658985427,0,0.5,-0.4242426174827286,Control
1060,0.4743562073528563,0.730482805423476,1.906807868103298,1.2048390127763322,0.767452440264193,1,0.5,1.906807868103298,Treatment
1062,0.3769376450730841,1.1712634535397566,3.7062855270387174,1.5482010986128407,0.8792535516646927,1,0.5,3.7062855270387174,Treatment
1063,-1.510508064874924,-1.1682064600975108,0.6348013719034349,-2.6787145249724347,0.12136174765760253,0,0.5,-2.6787145249724347,Control
1064,-1.1126970252587973,0.3528630074223452,-0.6872409175333406,-0.7598340178364521,0.6379044275266742,0,0.5,-0.7598340178364521,Control
1069,-1.405012025890865,-0.20716568678961597,-1.4227596257196464,-1.6121777126804808,0.4179402319790997,0,0.5,-1.6121777126804808,Control
1070,-2.2187062676909988,0.9229034290417862,-0.05375307449593114,-1.2958028386492124,0.8219712332546898,0,0.5,-1.2958028386492124,Control
1071,0.08944501997243258,-0.10806659835122562,0.05876850015523001,-0.01862157837879304,0.4569714318010453,0,0.5,-0.01862157837879304,Control
1073,-0.041526925845348395,0.2765583110248987,0.24972122846099015,0.2350313851795503,0.6089403602669572,0,0.5,0.2350313851795503,Control
1079,0.10801987302449038,0.7682481040124262,1.6725542236680786,0.8762679770369165,0.778830100142643,0,0.5,0.8762679770369165,Control
1080,0.0035620529608043315,0.9172757221440688,2.1449894149026845,0.9208377751048732,0.8205009120119986,1,0.5,2.1449894149026845,Treatment
1081,-0.45219720852006795,0.5662785216155116,0.47228478037378674,0.11408131309544367,0.7143977705726035,1,0.5,0.47228478037378674,Treatment
1082,1.2331974265778942,0.04714442439043004,1.2612148322753192,1.2803418509683242,0.5188009394322106,0,0.5,1.2803418509683242,Control
1083,-0.697066473635132,1.0030131710422885,1.816510954454626,0.3059466974071565,0.8420727468001384,1,0.5,1.816510954454626,Treatment
1090,1.4470921714021372,-0.4572435582799702,1.6366137354392092,0.989848613122167,0.3237479966054505,0,0.5,0.989848613122167,Control
1092,2.654140015893336,0.5485737434653679,3.5302931916652343,3.202713759358704,0.7083509955679412,0,0.5,3.202713759358704,Control
1095,0.8976900166917587,2.071836357019581,10.518619975737884,2.9695263737113393,0.9808596475841653,1,0.5,10.518619975737884,Treatment
1097,0.1886200131481519,-0.5817500566577166,0.5746112416618065,-0.3931300435095647,0.280367524570036,1,0.5,0.5746112416618065,Treatment
1100,-0.060216927306728084,1.537222554921969,5.434500716875909,1.4770056276152408,0.9378805905815455,0,0.5,1.4770056276152408,Control
1104,-0.2803147498754169,-0.18484250380919315,-0.3044024993511103,-0.46515725368461003,0.42667628451253214,0,0.5,-0.46515725368461003,Control
1109,-1.123017764876307,-0.10929334578755279,-1.1537743669032081,-1.2323111106638596,0.4564849121362206,1,0.5,-1.1537743669032081,Treatment
1111,0.45371404575201374,1.2937354522893785,4.4480846129175085,1.7474494980413922,0.902121592432117,1,0.5,4.4480846129175085,Treatment
1112,0.11037170210966207,0.5070203735768128,0.8780212073420102,0.6173920756864749,0.693929738271737,1,0.5,0.8780212073420102,Treatment
1113,0.3013536132666989,-0.31357851428908645,0.3412273253696573,-0.012224901022387547,0.3769205900658341,1,0.5,0.3412273253696573,Treatment
1114,1.3724170639274451,0.42019986267342885,1.9356528444456964,1.792616926600874,0.6628302724616099,1,0.5,1.9356528444456964,Treatment
1115,-0.36354217122122967,0.10827988071981402,-0.28595316572392837,-0.25526229050141563,0.5431131591840646,1,0.5,-0.28595316572392837,Treatment
1117,-1.7740767599685914,1.1548489660642505,1.4706999919028705,-0.6192277939043409,0.8759238594217363,1,0.5,1.4706999919028705,Treatment
1122,0.490439014128793,0.34094970894596643,0.8934072766624547,0.8313887230747594,0.6334292789647594,1,0.5,0.8934072766624547,Treatment
1123,0.38979441894472955,1.3727705284001235,4.8451775304327,1.762564947344853,0.9150881522349826,1,0.5,4.8451775304327,Treatment
1126,0.5652661944737261,0.6361862775382368,1.6928252926987613,1.2014524720119628,0.7376724919124945,0,0.5,1.2014524720119628,Control
1128,-0.8064004598039572,0.11847310813622483,-0.7190921510329296,-0.6879273516677324,0.5471535991941809,0,0.5,-0.6879273516677324,Control
1130,1.4459009634320321,0.2057452355961868,1.6334357851711863,1.651646199028219,0.58150503924648,1,0.5,1.6334357851711863,Treatment
1133,-1.230526181368282,0.2465796611728881,-0.9856332921735653,-0.9839465201953939,0.5973832266887857,1,0.5,-0.9856332921735653,Treatment
1139,0.41465484873187264,0.6041497650710285,1.4467236085381447,1.0188046138029012,0.7271279620410291,1,0.5,1.4467236085381447,Treatment
1141,-0.2868773803548696,2.075160133598261,9.363281846595363,1.7882827532433911,0.9810141519630166,1,0.5,9.363281846595363,Treatment
1142,-1.037769780821469,-1.1947297924164062,1.219623876745026,-2.232499573237875,0.11609630923496045,0,0.5,-2.232499573237875,Control
1145,-0.4483625893128614,0.6499757675296477,0.7215622912034718,0.20161317821678632,0.7421460627143681,1,0.5,0.7215622912034718,Treatment
1146,-1.8917580364545623,-0.16271387401818935,-1.9201633638676425,-2.054471910472752,0.43537186134438405,0,0.5,-2.054471910472752,Control
1150,1.1390472627225388,0.04934334696275108,1.168588467982887,1.1883906096852899,0.5196771621556073,0,0.5,1.1883906096852899,Control
1151,0.988047989691146,0.9970198587942614,3.4746551167485347,1.9850678484854074,0.8406225646431794,0,0.5,1.9850678484854074,Control
1152,-0.27612083185611835,1.0121988678633622,2.2790716982833072,0.7360780360072439,0.8442785112898393,1,0.5,2.2790716982833072,Treatment
1154,-0.4777624502451091,1.826707565432225,7.1093123916856555,1.348945115187116,0.9661281249234388,1,0.5,7.1093123916856555,Treatment
1158,1.8465319820404418,1.0575227538029817,4.612002108564016,2.9040547358434234,0.8548634621439155,0,0.5,2.9040547358434234,Control
1159,-1.2051449919896153,-0.27121988591370977,-1.1936344819163787,-1.4763648779033252,0.3931109596251341,1,0.5,-1.1936344819163787,Treatment
1162,0.8058846969465878,-0.6081016480626192,1.2414091016682254,0.19778304888396858,0.2715600296269657,1,0.5,1.2414091016682254,Treatment
1163,0.936895231632134,0.583697919129113,1.9101507127880035,1.520593150761247,0.7202882162511139,1,0.5,1.9101507127880035,Treatment
1164,-0.834442674111072,0.9359520483679502,1.3855458237612268,0.10150937425687823,0.825351061419669,0,0.5,0.10150937425687823,Control
1166,-0.04510772436690484,-0.5762962219734379,0.33097883556809216,-0.6214039463403427,0.2822074880398857,1,0.5,0.33097883556809216,Treatment
1170,0.4780015612209815,0.32677903420247567,0.8549601527108248,0.8047805954234571,0.6280824910359717,1,0.5,0.8549601527108248,Treatment
1172,-0.27381951701781365,0.9857412991722659,2.162422950355973,0.7119217821544523,0.8378699611339486,1,0.5,2.162422950355973,Treatment
1173,0.7589529076202023,0.6257050772423443,1.8548191336150706,1.3846579848625464,0.7342457987891394,1,0.5,1.8548191336150706,Treatment
1174,1.7656437059352028,0.1979808956907167,1.943027023897558,1.9636246016259196,0.5784699945461692,0,0.5,1.9636246016259196,Control
1176,-1.6838704118768237,1.006301461701419,0.8445655826187106,-0.6775689501754047,0.8428647112161919,1,0.5,0.8445655826187106,Treatment
1177,-0.9895199559489302,-0.206328332738108,-1.0075413605370094,-1.195848288687038,0.41826722415950013,1,0.5,-1.0075413605370094,Treatment
1181,-0.1687295685521165,0.48056672977331766,0.5334425598645841,0.3118371612212012,0.684587766938956,0,0.5,0.3118371612212012,Control
1184,-0.5847570446733403,3.9673039934722745,32.877896905304915,3.382546948798934,0.9999636548748043,0,0.5,3.382546948798934,Control
1185,0.303872932148675,0.38845801151157655,0.7999011913195195,0.6923309436602516,0.651161439468044,0,0.5,0.6923309436602516,Control
1186,0.39238241755687964,0.477045149169523,1.086049140833986,0.8694275667264026,0.6833350140653613,0,0.5,0.8694275667264026,Control
1187,1.174225513738441,0.5409338869440808,2.0299113972993448,1.7151594006825217,0.7057234235833537,1,0.5,2.0299113972993448,Treatment
1194,-1.4604633581149398,-0.22686525924655376,-1.4709602960322046,-1.6873286173614934,0.4102642584182357,1,0.5,-1.4709602960322046,Treatment
1195,-0.47351403988747703,0.7096288298103086,0.8884465272135733,0.23611478992283158,0.7610328316123459,1,0.5,0.8884465272135733,Treatment
1196,1.2347587372455107,0.6971964301091658,2.5555226766140233,1.9319551673546764,0.7571600636263074,0,0.5,1.9319551673546764,Control
1197,-0.8898141412472914,-0.8739718345957597,0.20085347678818455,-1.7637859758430512,0.1910667962015227,1,0.5,0.20085347678818455,Treatment
1199,-0.4737908067255391,0.22149697206216246,-0.2649205034290451,-0.2522938346633766,0.5876472530002412,1,0.5,-0.2649205034290451,Treatment
1200,0.6166919418139669,0.10801006108976892,0.6940293189520826,0.7247020029037359,0.5430061443463237,0,0.5,0.7247020029037359,Control
1201,-0.10902556266374266,0.20086192715540543,0.07209642847512684,0.09183636449166277,0.5795967306646225,1,0.5,0.07209642847512684,Treatment
1207,-2.0728518182950806,0.7605044894538904,-0.5358654166090904,-1.3123473288411902,0.7765234566314316,0,0.5,-1.3123473288411902,Control
1210,0.3316603021245537,1.4294581810232563,5.133090775224815,1.76111848314781,0.9235637068488091,0,0.5,1.76111848314781,Control
1211,-0.423089843556491,0.8380356190967542,1.4005353637416462,0.4149457755402632,0.7989946504646079,1,0.5,1.4005353637416462,Treatment
1212,-2.416824765795284,0.5410357043733767,-1.5608676467950042,-1.8757890614219075,0.7057585133834448,0,0.5,-1.8757890614219075,Control
1216,-0.8567851155480024,0.4313121684479207,-0.269068658021547,-0.4254729471000817,0.6668792981625004,0,0.5,-0.4254729471000817,Control
1217,0.44790956745510974,0.6174684756979069,1.5191784422654564,1.0653780431530167,0.7315371159031758,0,0.5,1.0653780431530167,Control
1218,2.269590612202373,-0.23063245764325266,2.2606570444178797,2.03895815455912,0.40880017487253684,1,0.5,2.2606570444178797,Treatment
1219,-1.32800190949447,0.39614690771028643,-0.8160637106624823,-0.9318550017841836,0.6540016722340682,0,0.5,-0.9318550017841836,Control
1220,0.5229604661362641,-0.9759883787384176,1.940072907631945,-0.45302791260215347,0.16453511166335086,0,0.5,-0.45302791260215347,Control
1221,-2.3447150084147723,1.3438605623684055,1.9391376949476844,-1.0008544460463669,0.9105032594907543,1,0.5,1.9391376949476844,Treatment
1223,-0.964558246162669,-0.820011182744959,-0.029727157881575428,-1.784569428907628,0.20610486611152645,0,0.5,-1.784569428907628,Control
1227,0.07080120481900877,0.11873239528655194,0.1583621658432488,0.1895336001055607,0.5472563148239298,0,0.5,0.1895336001055607,Control
1228,1.472901338364933,1.5297633670476374,6.9181349402106,3.0026647054125704,0.9369623438798389,1,0.5,6.9181349402106,Treatment
1229,-0.2778894946959428,1.551090269677304,5.309417689517932,1.273200774981361,0.9395599736524933,0,0.5,1.273200774981361,Control
1232,-1.4013657483207902,1.1466098287188504,1.8013673646679782,-0.2547559196019398,0.8742285437541537,0,0.5,-0.2547559196019398,Control
1234,0.1617313483696974,-0.35754453587760304,0.238635270702757,-0.19581318750790563,0.36034209585059473,0,0.5,-0.19581318750790563,Control
1236,0.1664511043237314,0.4984100254297058,0.9124812239362643,0.6648611297534373,0.690902464027424,0,0.5,0.6648611297534373,Control
1237,1.5344233658564055,1.331403349271093,5.745394797392521,2.8658267151274988,0.9084718360172508,1,0.5,5.745394797392521,Treatment
1238,0.8722118162286887,-0.20716728631932993,0.8544647421108542,0.6650445299093588,0.41793960740659297,0,0.5,0.6650445299093588,Control
1240,-0.22768326884269627,0.9406752305281159,2.0123941250796094,0.7129919616854196,0.8265643419481844,1,0.5,2.0123941250796094,Treatment
1244,-0.5298407816745994,0.19079034964387756,-0.36164369181819445,-0.3390504320307218,0.5756550751629698,0,0.5,-0.3390504320307218,Control
1246,-0.4714714698971705,2.072548720660477,9.155719289455828,1.6010772507633064,0.9808928512102727,0,0.5,1.6010772507633064,Control
1250,-0.7049918631222547,0.9291180016799583,1.4860876598092423,0.22412613855770358,0.8235860319057364,1,0.5,1.4860876598092423,Treatment
1251,-0.3678167892090802,1.3395136445869131,3.890533641153407,0.9716968553778329,0.9097982422398442,0,0.5,0.9716968553778329,Control
1260,0.9315101820739115,-0.4249464934167127,1.0801959798998757,0.5065636886571987,0.3354378403064929,1,0.5,1.0801959798998757,Treatment
1261,-1.2931208543661834,-0.22482217110246858,-1.3044419226789623,-1.517943025468652,0.4110588087611355,1,0.5,-1.3044419226789623,Treatment
1262,-0.667861801038945,1.327309514405588,3.519294050227045,0.659447713366643,0.9077968410933008,1,0.5,3.519294050227045,Treatment
1265,0.48092590215148207,1.0432043283821866,3.179078607853233,1.5241302305336686,0.8515731653768328,1,0.5,3.179078607853233,Treatment
1268,0.9195608346960508,1.7987390077578238,8.289854374634164,2.7182998424538747,0.9639700123059507,1,0.5,8.289854374634164,Treatment
1270,-0.7788953596504616,-1.1618822066533716,1.3401040612982689,-1.9407775663038334,0.12264165784326396,1,0.5,1.3401040612982689,Treatment
1274,0.6117767264807835,1.3916069859520621,5.18072022615798,2.0033837124328455,0.9179792788821932,0,0.5,2.0033837124328455,Control
1275,0.771328293095654,0.35500680726021966,1.2008913631279534,1.1263351003558737,0.6387077542412005,1,0.5,1.2008913631279534,Treatment
1276,0.5873302453200766,-0.36004825416121045,0.6665756088885426,0.22728199115886616,0.3594055241960996,1,0.5,0.6665756088885426,Treatment
1278,-1.4109260131467396,-0.9806549824268983,0.022114884757211684,-2.391580995573638,0.16338145533109555,0,0.5,-2.391580995573638,Control
1279,0.3534894818378507,2.021095477458487,9.533691078573392,2.3745849592963375,0.978365058784157,1,0.5,9.533691078573392,Treatment
1280,1.4721163483599655,0.8101554122455074,3.189897638464095,2.282271760605473,0.7910745699628788,0,0.5,2.282271760605473,Control
1281,0.8458495127721907,1.0782055148717342,3.7100065348077007,1.924055027643925,0.8595289743123031,0,0.5,1.924055027643925,Control
1282,-0.6235335780760549,0.33083907396100726,-0.2392050553767976,-0.29269450411504766,0.6296169777295036,1,0.5,-0.2392050553767976,Treatment
1283,-0.3306886727750611,0.2966325810344421,-0.0063906059955303185,-0.034056091740618966,0.616626483123808,1,0.5,-0.0063906059955303185,Treatment
1286,0.2906134261613221,0.7224518267725961,1.6957126235617426,1.0130652529339181,0.7649916335915831,1,0.5,1.6957126235617426,Treatment
1288,1.8242514409728232,-0.5657058592905992,2.181444749798954,1.258545581682224,0.2857968757360557,0,0.5,1.258545581682224,Control
1290,-0.5190817148136275,0.23356791889763936,-0.29318980988845933,-0.28551379591598813,0.5923397820516061,0,0.5,-0.28551379591598813,Control
1291,0.5248336689945468,0.13551848628930746,0.6293234323914909,0.6603521552838543,0.5538990254313537,0,0.5,0.6603521552838543,Control
1297,0.022872048464669115,0.05958891205374962,0.059768181371042936,0.08246096051841872,0.5237584752121903,1,0.5,0.059768181371042936,Treatment
1301,0.40883523734346905,0.6771543431429363,1.6644884177896202,1.0859895804864053,0.750845983766796,0,0.5,1.0859895804864053,Control
1303,0.4439992267830554,1.1603808637720179,3.717157156685653,1.6043800905550734,0.8770531127890152,0,0.5,1.6043800905550734,Control
1305,-0.3246527906943709,0.7085753391991192,1.0337929015474825,0.3839225485047483,0.7607059778431527,0,0.5,0.3839225485047483,Control
1309,-0.7205431285231919,-0.40435226308986916,-0.595717754736329,-1.124895391613061,0.34297684926405647,0,0.5,-1.124895391613061,Control
1310,-0.3055137676658954,-0.11831665909297637,-0.3366744335745364,-0.4238304267588717,0.45290837903283904,0,0.5,-0.4238304267588717,Control
1314,-1.5744826633001152,0.21808481327298224,-1.370318285103001,-1.356397850027133,0.5863184850577668,0,0.5,-1.356397850027133,Control
1315,0.5994630983219684,1.0313212618882763,3.24237081971176,1.6307843602102448,0.8488049045481095,1,0.5,3.24237081971176,Treatment
1316,0.17663460480360468,0.7723588821961643,1.7558905317163038,0.948993486999769,0.780049050096327,0,0.5,0.948993486999769,Control
1319,0.5995322085376079,0.8799196297910337,2.588009133216304,1.4794518383286417,0.8105485750594495,1,0.5,2.588009133216304,Treatment
1320,1.4116606551825348,1.0927074839091933,4.346033687919451,2.504368139091728,0.8627388735876744,0,0.5,2.504368139091728,Control
1330,-0.7788246936644554,-0.03479360607162888,-0.7938003066533345,-0.8136182997360842,0.48612215958096455,1,0.5,-0.7938003066533345,Treatment
1334,1.900645561644391,0.055029573845249896,1.9342168565621956,1.955675135489641,0.5219425485191295,1,0.5,1.9342168565621956,Treatment
1335,0.015070328366781132,0.7985257258896871,1.6896198611269282,0.8135960542564682,0.7877172648601944,1,0.5,1.6896198611269282,Treatment
1337,0.012194589988409419,-0.5620249089461764,0.36292613206723695,-0.549830318957767,0.2870495240491816,1,0.5,0.36292613206723695,Treatment
1338,-0.18015900436630206,1.5065648222581154,5.112598534094009,1.3264058178918132,0.9340388800169627,1,0.5,5.112598534094009,Treatment
1344,-0.3009483202231218,1.6612360671370778,6.0490802548595495,1.360287746913956,0.9516669777371833,1,0.5,6.0490802548595495,Treatment
1345,-0.22124927841943184,0.8437400580510128,1.6244153217259276,0.622490779631581,0.8005926611383962,0,0.5,0.622490779631581,Control
1348,-0.19639506744734617,1.306386952442298,3.8700921477967523,1.1099918849949517,0.9042894996833908,0,0.5,1.1099918849949517,Control
1353,-0.6208211477450003,1.4581058002167402,4.360376801614771,0.8372846524717399,0.927594308552959,1,0.5,4.360376801614771,Treatment
1356,-2.2135514997687302,2.1714613635199616,8.30266808851119,-0.04209013624876867,0.9850518426535639,1,0.5,8.30266808851119,Treatment
1357,1.9507107169438702,-1.2383672411642117,4.398633944339086,0.7123434757796585,0.10778996080140085,1,0.5,4.398633944339086,Treatment
1359,-2.2968846141819097,0.11739551123149243,-2.2106234464515566,-2.1794891029504173,0.5467266795019651,0,0.5,-2.1794891029504173,Control
1360,-1.3959482567256294,0.958210785432544,0.9194929546291482,-0.4377374712930854,0.8310217601499226,0,0.5,-0.4377374712930854,Control
1361,0.9586912857323343,0.24652786729905693,1.2035071980919057,1.2052191530313912,0.5973631825062496,1,0.5,1.2035071980919057,Treatment
1362,-1.7609338631370552,0.5919376365314197,-0.7641847137865391,-1.1689962266056355,0.723053825054829,0,0.5,-1.1689962266056355,Control
1369,0.5744011057447065,0.3374023461828934,0.9707829652555953,0.9118034519275999,0.6320931918779554,1,0.5,0.9707829652555953,Treatment
1370,0.8699298291534336,1.1088559226761738,3.8834807049995783,1.9787857518296075,0.8662538294288227,1,0.5,3.8834807049995783,Treatment
1378,0.8488142471327478,1.1722488663748116,4.183273489754216,2.0210631135075596,0.8794514227843495,0,0.5,2.0210631135075596,Control
1379,-1.256171553611313,0.8050032618501183,0.4423905804924064,-0.45116829176119466,0.7895911012516896,0,0.5,-0.45116829176119466,Control
1381,0.6241823086935838,1.003960691765171,3.142036795795371,1.628143000458755,0.8423012196225497,1,0.5,3.142036795795371,Treatment
1382,-0.4332785932231527,0.5608811784906131,0.47633738879219195,0.12760258526746043,0.7125607291897071,0,0.5,0.12760258526746043,Control
1384,-0.16487075007243857,-0.9476701097503982,1.157451468881026,-1.1125408598228368,0.1716487110614935,1,0.5,1.157451468881026,Treatment
1385,-0.390173317259721,-0.6391075038406485,0.10718973375080387,-1.0292808211003694,0.2613764993493609,1,0.5,0.10718973375080387,Treatment
1386,-0.2701722971103266,1.0726057841759926,2.567096931473262,0.802433487065666,0.8582759857817429,0,0.5,0.802433487065666,Control
1388,-1.3750773082469416,-0.37637520305660127,-1.2799483228234465,-1.7514525113035428,0.3533189890626943,0,0.5,-1.7514525113035428,Control
1390,0.061429927820443486,0.9173134818382906,2.203014716664165,0.9787434096587342,0.820510802653594,1,0.5,2.203014716664165,Treatment
1391,0.0577166164471845,-0.3333925946187133,0.11332156343102326,-0.2756759781715288,0.3694189761875101,0,0.5,-0.2756759781715288,Control
1392,1.0550909466014,0.6800132441937747,2.319933593256172,1.7351041907951748,0.7517519625453656,0,0.5,1.7351041907951748,Control
1393,-0.3156801798899957,0.17154773453330147,-0.17104906217632881,-0.14413244535669423,0.568103450021544,0,0.5,-0.14413244535669423,Control
1394,2.0060808497546283,1.213262645893734,5.556724668543623,3.219343495648362,0.8874852902129553,0,0.5,3.219343495648362,Control
1396,0.8434770083247206,-0.5295382122700768,1.13952933869806,0.3139387960546438,0.29821607188129134,0,0.5,0.3139387960546438,Control
1397,-0.5412158943587784,0.21619901485844692,-0.339632358878029,-0.3250168795003314,0.5855836892908381,0,0.5,-0.3250168795003314,Control
1398,-0.3557581326504247,0.4114964943933572,0.1886488443422984,0.05573836174293251,0.6596457443705539,0,0.5,0.05573836174293251,Control
1399,-0.02436167358378034,-0.05995434293991494,-0.047149798579023953,-0.08431601652369528,0.47609599914579026,1,0.5,-0.047149798579023953,Treatment
1400,-0.6524346247247689,0.7162468505729661,0.7317079024731,0.06381222584819723,0.7630805306339105,1,0.5,0.7317079024731,Treatment
1403,1.8573339758139993,0.9823675939610053,4.278609952123971,2.8397015697750048,0.8370406074001855,0,0.5,2.8397015697750048,Control
1404,-0.6913236766423232,1.1659422807663467,2.610490267898111,0.47461860412402346,0.8781811085904396,0,0.5,0.47461860412402346,Control
1407,-0.7733552965626891,0.8978409523329763,1.2878019309761708,0.12448565577028725,0.8153648258416955,1,0.5,1.2878019309761708,Treatment
1408,0.642539050312026,0.9469189005514103,2.9093093090307143,1.5894579508634363,0.8281599469776575,0,0.5,1.5894579508634363,Control
1410,-0.3854018927084119,0.8999684175292787,1.6844686211565358,0.5145665248208668,0.8159314709041932,1,0.5,1.6844686211565358,Treatment
1411,0.8204631232424442,0.48721968066465654,1.5388389980287123,1.3076828039071007,0.6869486700893208,0,0.5,1.3076828039071007,Control
1412,-0.4458493320156792,0.522673081802242,0.36186150976674814,0.07682374978656281,0.6993991132110265,1,0.5,0.36186150976674814,Treatment
1413,0.5492532857677623,-0.37010242882663885,0.6381536870011975,0.17915085694112348,0.3556530862353944,1,0.5,0.6381536870011975,Treatment
1414,-0.54401180711493,-0.5346744005506544,-0.239595578181854,-1.0786862076655845,0.2964375131356296,0,0.5,-1.0786862076655845,Control
1415,-1.0353976056514056,0.9358973405973071,1.1843587289214716,-0.09950026505409848,0.8253369767111239,1,0.5,1.1843587289214716,Treatment
1417,0.3484443876224031,-0.10533199516289111,0.31796804845094817,0.243112392459512,0.4580561878560415,1,0.5,0.31796804845094817,Treatment
1418,0.22788355032260835,-0.2537306257346058,0.22977669832665465,-0.02584707541199746,0.3998518361093962,1,0.5,0.22977669832665465,Treatment
1419,-0.37818903297789974,-0.3423746890965573,-0.3149355220582498,-0.7205637220744571,0.36603446698337483,0,0.5,-0.7205637220744571,Control
1422,1.4371253608383425,0.18146276094757482,1.5937142085335634,1.6185881217859173,0.571997819837127,0,0.5,1.6185881217859173,Control
1425,-1.2554798716832483,-0.6308199465955401,-0.7750222349354183,-1.8862998182787885,0.264079129842703,1,0.5,-0.7750222349354183,Treatment
1426,-0.8971779896410188,0.4013622324252244,-0.37431359019368693,-0.4958157572157944,0.6559232743283171,0,0.5,-0.4958157572157944,Control
1427,1.1629692979502921,-0.18792697832822422,1.1396389071533337,0.9750423196220679,0.42546694693034937,0,0.5,0.9750423196220679,Control
1430,-0.3894068134099598,-0.4639993211864574,-0.19081573388020198,-0.8534061345964172,0.32132411598552757,1,0.5,-0.19081573388020198,Treatment
1432,-0.6925829910337502,0.6019999984671192,0.33322500450863246,-0.09058299256663105,0.7264129307920069,1,0.5,0.33322500450863246,Treatment
1433,1.675260706112106,0.6276353438806911,2.7769306278289183,2.302896049992797,0.7348785751270386,0,0.5,2.302896049992797,Control
1436,1.3171201707985298,-0.2572550332765862,1.3208529584525117,1.0598651375219437,0.3984909513603557,0,0.5,1.0598651375219437,Control
1440,-1.1427310965626745,0.13383345182638273,-1.0399915849939536,-1.0088976447362916,0.5532328627961938,0,0.5,-1.0088976447362916,Control
1441,-0.9075595169356802,0.09032121375060662,-0.8460830667536113,-0.8172383031850735,0.5359840185436132,1,0.5,-0.8460830667536113,Treatment
1444,-0.5095894314550066,1.1289782468123386,2.6040834555020864,0.619388815357332,0.8705464948430004,0,0.5,0.619388815357332,Control
1446,-0.7353858516770648,2.6503321542095217,14.638301280701466,1.914946302532457,0.9959793664181773,0,0.5,1.914946302532457,Control
1448,0.6654345930525574,-0.07571042643286299,0.6390435171774178,0.5897241666196944,0.4698247403553609,1,0.5,0.6390435171774178,Treatment
1449,-0.10145500062058053,1.541457862458305,5.4214586140776255,1.4400028618377245,0.9383973046041071,0,0.5,1.4400028618377245,Control
1452,1.5901270218171966,0.9742000039720361,3.975358319281445,2.5643270257892326,0.8350213786451202,1,0.5,3.975358319281445,Treatment
1453,2.0780210123022185,0.7452116927093723,3.5613077925584404,2.823232705011591,0.7719281223171436,1,0.5,3.5613077925584404,Treatment
1454,1.8281817202252062,-0.21407976726888875,1.812802130098565,1.6141019529563174,0.41524242671256373,1,0.5,1.812802130098565,Treatment
1456,0.1643350334524392,0.6503467371164614,1.3354101589667253,0.8146817705689006,0.7422658630778174,0,0.5,0.8146817705689006,Control
1457,-0.1763827260966371,-0.050324211331342815,-0.1964797792700652,-0.22670693742797993,0.4799320151790716,1,0.5,-0.1964797792700652,Treatment
1464,0.4670863680148538,0.768289308250081,2.03176794448267,1.2353756762649348,0.778842337387656,1,0.5,2.03176794448267,Treatment
1465,0.034477857844355454,0.39374047527697215,0.5414112192255133,0.4282183331213276,0.6531136723477053,1,0.5,0.5414112192255133,Treatment
1471,-0.3066280578920847,0.5479117923043072,0.5677425025523054,0.2412837344122225,0.7081237643304988,1,0.5,0.5677425025523054,Treatment
1472,-1.0138366427540773,0.8161437967945611,0.7264166497356868,-0.1976928459595162,0.7927910513757597,0,0.5,-0.1976928459595162,Control
1473,-0.9961214558443577,0.6118856744621294,0.058629538610656895,-0.38423578138222836,0.729693299843387,1,0.5,0.058629538610656895,Treatment
1477,-1.1654274495061623,0.573538257781797,-0.22076605433650576,-0.5918891917243653,0.7168598485143832,1,0.5,-0.22076605433650576,Treatment
1479,7.338389874605094e-5,0.12850112242208606,0.09734902203726097,0.12857450632083212,0.5511237949875981,1,0.5,0.09734902203726097,Treatment
1481,-1.0156151992080653,-1.2924264783508423,1.6789039655012343,-2.308041677558908,0.09810474595772116,0,0.5,-2.308041677558908,Control
1484,0.6660457002652267,-0.5939699593965755,1.074661345898078,0.0720757408686512,0.2762661027660144,1,0.5,1.074661345898078,Treatment
1487,-0.8014422503674329,-0.15854307776477805,-0.830441974235565,-0.9599853281322109,0.4370144393671471,0,0.5,-0.9599853281322109,Control
1488,-1.8112614854644964,0.4174881581793209,-1.2539246819349126,-1.3937733272851756,0.6618393079307827,0,0.5,-1.3937733272851756,Control
1493,0.21368906000405136,0.8103287377849452,1.932118755456809,1.0240177977889966,0.7911243685649819,1,0.5,1.932118755456809,Treatment
1494,0.9539709013158988,-0.27762067413634,0.9693070416635605,0.6763502271795587,0.3906517800561189,0,0.5,0.6763502271795587,Control
1496,0.4530072303268159,1.1854903674059967,3.856527236454624,1.6384975977328127,0.8820881895120825,0,0.5,1.6384975977328127,Control
1500,0.7634666597868316,-0.3626999423324699,0.8452191849565506,0.4007667174543617,0.35841452140125996,0,0.5,0.4007667174543617,Control
1501,-0.8785080452382603,0.28207714733558953,-0.5783344374724978,-0.5964308979026708,0.6110578221037348,1,0.5,-0.5783344374724978,Treatment
1503,-0.5816841038561712,-1.111646796761573,1.3340096992635746,-1.6933309006177444,0.1331450216941185,0,0.5,-1.6933309006177444,Control
1504,-0.9233933995297541,1.7865138131794378,6.353126716421835,0.8631204136496837,0.9629919486481139,0,0.5,0.8631204136496837,Control
1506,-1.3247496145609081,0.42958817135502725,-0.740863534947082,-0.8951614432058809,0.6662523784661197,0,0.5,-0.8951614432058809,Control
1508,0.47206130102366806,-0.15753889877525243,0.4429288608906803,0.31452240224841566,0.43741007691527595,0,0.5,0.31452240224841566,Control
1509,0.31095765609070886,-0.5933519559107018,0.7184147653014687,-0.2823942998199929,0.27647281732265006,1,0.5,0.7184147653014687,Treatment
1513,-1.3128068021150177,2.2983736508714148,10.401422901360682,0.9855668487563971,0.9892297340738668,1,0.5,10.401422901360682,Treatment
1514,-0.08182581905485364,-0.21431900397755096,-0.0971200501117701,-0.29614482303240464,0.4151491496482139,1,0.5,-0.0971200501117701,Treatment
1518,1.2041234324304018,-0.014782429326941847,1.1971692582005429,1.18934100310346,0.4941028787085895,0,0.5,1.18934100310346,Control
1519,0.3567245302940509,1.1047832981866461,3.3502084512917016,1.461507828480697,0.8653732503759992,0,0.5,1.461507828480697,Control
1521,0.9529259845524587,0.6311064334849816,2.0650698620672165,1.5840324180374403,0.7360145325701394,0,0.5,1.5840324180374403,Control
1523,1.2537069484745762,0.9366221962636704,3.4765403236739747,2.1903291447382465,0.8255235348339849,0,0.5,2.1903291447382465,Control
1524,-0.5416170989161654,1.1384396156959382,2.619692226103634,0.5968225167797728,0.8725315200948284,1,0.5,2.619692226103634,Treatment
1526,-0.2168987388393444,1.3559637763489527,4.138358674876157,1.1390650375096083,0.9124446531352317,0,0.5,1.1390650375096083,Control
1530,1.3396924873417104,-0.2812155488506796,1.3572490827471486,1.0584769384910309,0.3892725397145906,1,0.5,1.3572490827471486,Treatment
1531,-0.2542007120941077,1.9127981887308074,8.019792203895012,1.6585974766366998,0.9721130534323366,1,0.5,8.019792203895012,Treatment
1532,-0.8131911892657104,-1.085783974873404,1.0017705034813649,-1.8989751641391144,0.1387872889461458,1,0.5,1.0017705034813649,Treatment
1533,0.4192693302030111,0.5484021452040161,1.2949602285337525,0.9676714754070272,0.7082920981054305,1,0.5,1.2949602285337525,Treatment
1538,1.2697620129188012,0.8655457661515644,3.2008738426003807,2.1353077790703656,0.8066303460581274,1,0.5,3.2008738426003807,Treatment
1539,-1.8977728537558138,1.3560984348360947,2.458282293592045,-0.5416744189197191,0.9124660745933653,0,0.5,-0.5416744189197191,Control
1541,-1.454082079654863,-0.021604530107355288,-1.4639508332662214,-1.4756866097622183,0.4913817099365508,1,0.5,-1.4639508332662214,Treatment
1542,0.8569308613860047,-0.576847301858119,1.234012829778929,0.28008355952788566,0.28202130621675436,0,0.5,0.28008355952788566,Control
1543,-2.071557091395362,-0.4978690348432563,-1.824744457105479,-2.569426126238618,0.3092881769272103,1,0.5,-1.824744457105479,Treatment
1544,1.9472325442264637,1.1890883359587325,5.369638853632045,3.1363208801851963,0.882797546110457,1,0.5,5.369638853632045,Treatment
1547,0.12750613574369624,1.2281492660080227,3.758282007939797,1.3556554017517188,0.8903045301071915,1,0.5,3.758282007939797,Treatment
1549,1.6034248779481375,-0.36150599164435254,1.6840450461154945,1.2419188863037849,0.3588606133657629,1,0.5,1.6840450461154945,Treatment
1553,0.9098589694758509,0.44791747920407393,1.5350778454309517,1.3577764486799249,0.6728936234458824,0,0.5,1.3577764486799249,Control
1555,1.142154578209006,2.3064631662048636,12.934930835430967,3.4486177444138697,0.9894576170032465,1,0.5,12.934930835430967,Treatment
1556,-0.5016444327719772,0.0879615609927591,-0.4421891798510319,-0.41368287177921814,0.535046386219263,1,0.5,-0.4421891798510319,Treatment
1557,0.8237357947644939,-1.3853281266195623,3.9693397682612446,-0.5615923318550684,0.08297607852755522,1,0.5,3.9693397682612446,Treatment
1560,-1.9550558595730827,0.6486538787811302,-0.7892252112669071,-1.3064019807919525,0.7417189391207115,1,0.5,-0.7892252112669071,Treatment
1561,2.018113407590974,0.08683728396417009,2.0766134773456066,2.104950691555144,0.5345995743857812,1,0.5,2.0766134773456066,Treatment
1562,-0.9530342391409261,0.026915466625444563,-0.938127621140873,-0.9261187725154816,0.5107364212982733,0,0.5,-0.9261187725154816,Control
1565,1.1520358710561651,0.11545244996870221,1.2364206324480675,1.2674883210248673,0.5459567461009901,1,0.5,1.2364206324480675,Treatment
1566,-0.38966098892655127,-0.08537282578999862,-0.4177703630548117,-0.4750338147165499,0.46598249807551057,1,0.5,-0.4177703630548117,Treatment
1568,-0.03120864380954551,-0.7826097151357851,0.8024424310723915,-0.8138183589453306,0.2169281673503982,0,0.5,-0.8138183589453306,Control
1569,-0.19290685495542279,0.05362515341826366,-0.16034296408802634,-0.13928170153715913,0.5213830920940546,0,0.5,-0.13928170153715913,Control
1572,-1.3898381258469894,0.13566908071584938,-1.2851913865644975,-1.25416904513114,0.5539585541543279,1,0.5,-1.2851913865644975,Treatment
1574,0.027486058051139576,0.38451439754911804,0.515445900670821,0.4120004556002576,0.649701386558193,1,0.5,0.515445900670821,Treatment
1575,-0.3621879718914032,-1.0075310729994664,1.164284217727776,-1.3697190448908696,0.15683981661071655,1,0.5,1.164284217727776,Treatment
1578,-0.7070552443995114,-0.275337875283944,-0.69310229090973,-0.9823931196834554,0.391528334140618,1,0.5,-0.69310229090973,Treatment
1581,0.9915286814409043,-0.17813963826916487,0.9659263237516598,0.8133890431717394,0.4293066565084773,1,0.5,0.9659263237516598,Treatment
1582,-1.202260349058957,0.30726340652362816,-0.8598070438201342,-0.8949969425353288,0.6206785566732483,0,0.5,-0.8949969425353288,Control
1588,1.2192692646628904,0.12599109403060005,1.3140123232282455,1.3452603586934906,0.550130512834361,1,0.5,1.3140123232282455,Treatment
1590,0.6535408730247723,0.5026922160733887,1.4102859092630156,1.156233089098161,0.69240965840314594,0,0.5,1.156233089098161,Control
1591,-0.35492293973365363,0.5784422071533204,0.6034889378758163,0.22351926741966677,0.71851719744817,0,0.5,0.22351926741966677,Control
1595,-0.7430611616822189,1.6289983621082045,5.3787093468743095,0.8859372004259856,0.9483433171584552,0,0.5,0.8859372004259856,Control
1597,0.8317602889888143,0.1445280552429662,0.9458010341149251,0.9762883442317805,0.5574582479321132,1,0.5,0.9458010341149251,Treatment
1598,0.9423805814589284,0.12821666560586029,1.0393679409400285,1.0705972470647886,0.5510112441606874,1,0.5,1.0393679409400285,Treatment
1602,-0.16683905431924342,-0.7413720659455496,0.5617399930367265,-0.908211120264793,0.22923393844482298,0,0.5,-0.908211120264793,Control
1605,-2.003205699263064,-0.8847371845892906,-0.8800545199677399,-2.8879428838523546,0.18814919772716837,1,0.5,-0.8800545199677399,Treatment
1606,-0.2776930061178961,0.2691211088623922,0.0017198907839471311,-0.00857189725550389,0.6060817565215229,0,0.5,-0.00857189725550389,Control
1607,0.9388083144827936,2.527237963074323,14.97629074002806,3.4660462775571164,0.9942518211025744,1,0.5,14.97629074002806,Treatment
1610,-0.10362052493243382,2.3485177837033446,12.101709927660977,2.244897258770911,0.9905758504475308,0,0.5,2.244897258770911,Control
1611,0.9667043230769904,0.4610269961200013,1.6223096034398545,1.4277313191969916,0.6776103815732881,1,0.5,1.6223096034398545,Treatment
1612,0.05129766028122602,0.2947471451917525,0.3724229920744783,0.3460448054729785,0.6159064772475191,0,0.5,0.3460448054729785,Control
1613,0.31735236882135864,-0.8445473684012557,1.3215991995677032,-0.527194999579897,0.19918180274197964,1,0.5,1.3215991995677032,Treatment
1615,-0.46152851380466514,1.4570965369187643,4.513280390456028,0.9955680231140991,0.9274551328942569,1,0.5,4.513280390456028,Treatment
1616,1.1019038198151807,-1.4254704762928405,4.453100739233836,-0.3235666564776598,0.07701062423916588,1,0.5,4.453100739233836,Treatment
1618,-0.12865817530307433,0.6198666407402691,0.9497444496723119,0.49120846543719476,0.7323272049868984,0,0.5,0.49120846543719476,Control
1620,0.37709021779198987,0.15730725864433504,0.5052349943585488,0.5343974764363248,0.5624986500442174,1,0.5,0.5052349943585488,Treatment
1622,-1.1605437707907151,1.2950055733836507,2.841037886090546,0.1344618025929356,0.9023408465745382,1,0.5,2.841037886090546,Treatment
1623,0.8648103641145121,1.8740120809446827,8.825658963640093,2.7388224450591947,0.9695356199958807,0,0.5,2.7388224450591947,Control
1625,0.8205813854872382,0.7151047039699027,2.200883212751954,1.535686089457141,0.7627278262428069,0,0.5,1.535686089457141,Control
1629,0.5223017175120839,1.5963474735525598,6.417125966923646,2.1186491910646437,0.9447943817820951,1,0.5,6.417125966923646,Treatment
1633,1.7052543068508197,1.180477199329071,5.08254574278697,2.8857315061798907,0.8810947631752413,1,0.5,5.08254574278697,Treatment
1635,-0.3175626032684962,0.25924802267498964,-0.05351951740921751,-0.05831458059350658,0.6022780597269807,0,0.5,-0.05831458059350658,Control
1637,-2.98078673868294,0.21171153279110624,-2.7852874260538676,-2.7690752058918338,0.583833954909689,1,0.5,-2.7852874260538676,Treatment
1640,-0.5756424185506203,0.9225856479700838,1.5879789611151804,0.34694322941946354,0.821888411114734,1,0.5,1.5879789611151804,Treatment
1641,0.36690763430378887,1.0214429287787128,2.9643204121972144,1.3883505630825017,0.8464776823533634,0,0.5,1.3883505630825017,Control
1644,0.024780516125158178,2.442050969971119,13.173031880984485,2.466831486096277,0.9926979577133701,1,0.5,13.173031880984485,Treatment
1646,-0.8189165208516561,0.9573566918151216,1.492825495782292,0.1384401709634655,0.8308063750842436,1,0.5,1.492825495782292,Treatment
1651,-0.250842516252593,0.08080957472017702,-0.19737735415959276,-0.170032941532416,0.5322033032750246,0,0.5,-0.170032941532416,Control
1652,0.20246830137184893,1.8908978763689794,8.298906797269773,2.0933661777408283,0.9706810110071887,0,0.5,2.0933661777408283,Control
1655,1.9339492034394683,1.9871772854415486,10.825284973709927,3.9211264888810167,0.9765486229599126,0,0.5,3.9211264888810167,Control
1656,-0.9228127595556069,0.22683571118631207,-0.7064860242236509,-0.6959770483692949,0.5897242530535158,1,0.5,-0.7064860242236509,Treatment
1659,-1.9792353324229686,-0.1448939916401645,-2.0096937906162107,-2.124129324063133,0.4423972851757221,1,0.5,-2.0096937906162107,Treatment
1662,0.3416279781642004,-0.2905053752709599,0.3651620366513629,0.0511226028932405,0.3857148195697568,0,0.5,0.0511226028932405,Control
1663,0.3407811142178446,0.18050194511920048,0.4961939911610746,0.5212830593370451,0.5716207362541718,0,0.5,0.5212830593370451,Control
1664,1.32625207098238,0.140718514345832,1.4362147287146922,1.466970585328212,0.5559538408485609,0,0.5,1.466970585328212,Control
1666,-1.509323008173305,0.8172271521189428,0.2350110042070419,-0.6920958560543621,0.7931006857471619,0,0.5,-0.6920958560543621,Control
1667,0.6400678317515737,0.5791075666994902,1.6003527627185274,1.2191753984510638,0.7187417026404561,0,0.5,1.2191753984510638,Control
1668,-0.4705140655455987,0.18665599840976455,-0.30750514285602437,-0.28385806713583417,0.5740348210744776,1,0.5,-0.30750514285602437,Treatment
1669,2.066333379365302,0.2451277870975553,2.3090725369287686,2.3114611664628573,0.59682125592653,1,0.5,2.3090725369287686,Treatment
1670,-1.844766361577677,-0.8351537680139256,-0.8673796131289241,-2.6799201295916024,0.20181556816638976,1,0.5,-0.8673796131289241,Treatment
1672,1.4021716798314414,0.9817243335115193,3.8205991806044746,2.3838960133429605,0.8368821629555895,0,0.5,2.3838960133429605,Control
1673,-1.5383901012525312,0.9144300460238459,0.5911895399017377,-0.6239600552286853,0.8197545400159164,0,0.5,-0.6239600552286853,Control
1676,-0.45848878822889366,1.967258368243651,8.265351370742279,1.5087695800147574,0.9754232839994852,1,0.5,8.265351370742279,Treatment
1677,0.07869287981717055,1.7345458558270588,6.963264459664348,1.8132387356442292,0.9585893615751006,0,0.5,1.8132387356442292,Control
1678,-0.7235991493122493,0.2641654588625299,-0.4519496405688824,-0.45943369044971943,0.6041737871206079,1,0.5,-0.4519496405688824,Treatment
1679,0.8746194180561313,-0.5910299803010249,1.2777373031348787,0.28358943775510637,0.2772501667072746,0,0.5,0.28358943775510637,Control
1680,-0.025394457521709265,0.9428687457413724,2.2240428587407943,0.9174742882196631,0.8271259784583072,1,0.5,2.2240428587407943,Treatment
1682,2.907800109923135,0.885317181727662,4.918031725311387,3.793117291650797,0.8120072071600745,1,0.5,4.918031725311387,Treatment
1686,-0.5979271601284633,1.8857951730530036,7.457417295818054,1.2878680129245403,0.9703387191721492,0,0.5,1.2878680129245403,Control
1687,-0.10205826781656958,1.1512906098564504,3.12452717379893,1.0492323420398808,0.8751936505268795,0,0.5,1.0492323420398808,Control
1689,0.9258430407321091,0.6144535695250878,1.9881762036988966,1.5402966102571969,0.7305421771012973,0,0.5,1.5402966102571969,Control
1690,-0.833174048646713,0.5854550578100521,0.14506872968905604,-0.24771899083666082,0.7208791113844369,0,0.5,-0.24771899083666082,Control
1691,0.7602550493264165,-0.03857007942149298,0.7439453116688306,0.7216849699049236,0.48461657884856957,1,0.5,0.7439453116688306,Treatment
1692,0.6920213525919366,0.40958811024874703,1.2323402478305896,1.1016094628406836,0.6589459398672636,0,0.5,1.1016094628406836,Control
1694,0.1727844513134999,0.5179583500449928,0.968325331098659,0.6907428013584926,0.6977563354063564,1,0.5,0.968325331098659,Treatment
1695,-0.48227475088899974,1.976360407873991,8.317906376671692,1.4940856569849912,0.9759430138234652,1,0.5,8.317906376671692,Treatment
1697,0.1441218677125238,0.019483230846066683,0.1546226757039594,0.16360509855859048,0.5077721928242874,1,0.5,0.1546226757039594,Treatment
1702,0.6122203869082047,-0.4011751809941739,0.7335158481025341,0.2110452059140308,0.3441455761236365,1,0.5,0.7335158481025341,Treatment
1704,0.5651189914395266,0.4627576571291602,1.2247871184674457,1.0278766485686868,0.678230957405512,0,0.5,1.0278766485686868,Control
1705,0.9092623776765248,1.4145680086590366,5.618551684249228,2.3238303863355614,0.9214024029191097,1,0.5,5.618551684249228,Treatment
1706,0.9293307076382519,1.629217276258213,7.052637212283821,2.558547983896465,0.9483664845318736,1,0.5,7.052637212283821,Treatment
1707,-0.056220143642854686,-0.04636639103970283,-0.07510365472661283,-0.10258653468255752,0.4815091118772186,0,0.5,-0.10258653468255752,Control
1709,-1.5195159450377436,0.6264785901211484,-0.4213258022168058,-0.8930373549165952,0.7344994622114946,1,0.5,-0.4213258022168058,Treatment
1711,-0.5779506058071937,-1.2359542935242636,1.8592382787927977,-1.8139048993314573,0.10823777686671766,1,0.5,1.8592382787927977,Treatment
1713,-0.7053263962007452,0.01078446186510788,-0.6997015560327513,-0.6945419343356374,0.5043022944130889,1,0.5,-0.6997015560327513,Treatment
1717,-2.2757221906968716,0.29428304269659644,-1.9553756509110398,-1.981439148000275,0.6157291853857917,1,0.5,-1.9553756509110398,Treatment
1719,1.157659241287262,0.6803957492020721,2.423733866952796,1.8380549904893342,0.751873044076731,1,0.5,2.423733866952796,Treatment
1721,-0.910160248182047,1.3725924446313273,3.544156012251624,0.46243219644928035,0.9150604589964513,0,0.5,0.46243219644928035,Control
1724,-0.5242042431023247,-0.7261008755323758,0.1671902820292529,-1.2503051186347005,0.23388846617226697,1,0.5,0.1671902820292529,Treatment
1726,-1.2137480386844122,2.3310981861727464,10.819838561557697,1.1173501474883343,0.9901259085382852,0,0.5,1.1173501474883343,Control
1728,0.7097086077854813,0.9016274717099872,2.786386539124763,1.6113360794954685,0.8163726036870174,0,0.5,1.6113360794954685,Control
1731,0.05122784256023012,1.210057639650253,3.584735644937239,1.261285482210483,0.8868716119226,1,0.5,3.584735644937239,Treatment
1733,0.5564794508642015,0.748133644026048,2.0499541715246123,1.3046130948902495,0.7728102247654072,1,0.5,2.0499541715246123,Treatment
1735,0.8525934392123642,2.1949995302606706,11.58613908003183,3.047592969473035,0.985918184281339,0,0.5,3.047592969473035,Control
1736,-2.253867264603867,0.33874039534820183,-1.8550069560484537,-1.915126869255665,0.6325973466257616,1,0.5,-1.8550069560484537,Treatment
1737,-0.4390791580234089,-0.08293300041848212,-0.4667898931158261,-0.5220121584418911,0.46695240693791984,1,0.5,-0.4667898931158261,Treatment
1742,-0.1532790557121408,0.11153954700766813,-0.07262714111495511,-0.041739508704472655,0.5444057463711273,0,0.5,-0.041739508704472655,Control
1743,0.9877460843178124,1.451919977383945,5.9298493144629765,2.4396660617017574,0.9267380714670614,0,0.5,2.4396660617017574,Control
1748,1.7364067737834676,0.3861408116982152,2.2276866325504883,2.1225475854816827,0.6503038070262447,0,0.5,2.1225475854816827,Control
1749,0.8712679954254154,1.6823036159711775,7.372710716030403,2.5535716113965927,0.953745009843066,0,0.5,2.5535716113965927,Control
1751,1.0284966876180153,-0.16657899358636527,1.0007043130333253,0.86191769403165,0.43385066171289377,0,0.5,0.86191769403165,Control
1753,-1.2283400762717704,-0.11034406668074642,-1.2591604835088537,-1.338684142952517,0.4560682552285556,0,0.5,-1.338684142952517,Control
1755,-0.2779745115975301,0.17502530234045924,-0.12919414750856217,-0.10294920925707088,0.5694701239694229,0,0.5,-0.10294920925707088,Control
1756,0.3209572814712806,-0.6395814800714014,0.8192954807362287,-0.31862419860012076,0.2612223629460894,0,0.5,-0.31862419860012076,Control
1757,-0.6108178003019065,0.1506578328278393,-0.4900933187032245,-0.4601599674740672,0.5598771810025809,0,0.5,-0.4601599674740672,Control
1758,1.0335809011316652,1.19485386967136,4.486359375704592,2.228434770803025,0.8839279355636172,0,0.5,2.228434770803025,Control
1759,-0.5819455586293875,0.44264726082607136,0.031251266817296286,-0.1392982978033161,0.6709895526010761,0,0.5,-0.1392982978033161,Control
1761,-1.0679347134917427,0.9923347464561373,1.3976891577846584,-0.07559996703560545,0.8394828705551483,0,0.5,-0.07559996703560545,Control
1764,1.326685676422714,1.5543835303032139,6.936093760130086,2.881069206725928,0.9399535202932487,0,0.5,2.881069206725928,Control
1768,-0.09881478948846806,-0.877312028804615,1.0018819878797636,-0.9761268182930831,0.19015859023093443,1,0.5,1.0018819878797636,Treatment
1771,-2.066805934180019,-0.07404203561141713,-2.092862505910763,-2.1408479697914364,0.4704884687272999,1,0.5,-2.092862505910763,Treatment
1772,-0.7826163614617754,1.0591142136672063,1.990386580555637,0.2764978522054309,0.855226116248671,0,0.5,0.2764978522054309,Control
1783,0.204357010561549,-0.8374425451354442,1.1882557707996881,-0.6330855345738953,0.20117192978830215,0,0.5,-0.6330855345738953,Control
1786,-1.2017384665009985,1.1417460770051029,1.9763027807146378,-0.05999238949589558,0.8732202089360961,1,0.5,1.9763027807146378,Treatment
1787,0.3398686096886876,0.252415543263903,0.5935035942830617,0.5922841529525906,0.5996400563779288,1,0.5,0.5935035942830617,Treatment
1788,0.2911114925519466,1.5063531435759545,5.5824876506622445,1.7974646361279012,0.9340117288070257,1,0.5,5.5824876506622445,Treatment
1792,0.17721040759311005,1.52613945360703,5.598483398108553,1.70334986120014,0.9365124308834205,0,0.5,1.70334986120014,Control
1795,1.0776418054778651,1.5630894613697974,6.74568386465341,2.640731266847663,0.9409842229649272,0,0.5,2.640731266847663,Control
1798,-1.0199252645816683,0.5874839707083324,-0.035908447549044764,-0.43244129387333596,0.7215606435983817,1,0.5,-0.035908447549044764,Treatment
1799,-1.1317113933240641,1.0424680841913956,1.563002061886991,-0.08924330913266854,0.8514026424702996,0,0.5,-0.08924330913266854,Control
1801,0.9316741726338794,0.9788187076716534,3.3372556514457172,1.9104928803055328,0.8361652177560248,1,0.5,3.3372556514457172,Treatment
1803,-1.1076125058565436,0.6672838367764374,0.11656485017784157,-0.44032866908010615,0.7477045756476254,0,0.5,-0.44032866908010615,Control
1804,-0.05091149791467948,0.8298391536829042,1.7412741208970899,0.7789276557682246,0.7966851347704883,1,0.5,1.7412741208970899,Treatment
1806,0.07719324010400688,0.4744561392739226,0.7646385659303999,0.5516493793779295,0.6824126659526463,0,0.5,0.5516493793779295,Control
1808,-0.6880774259662037,1.0599994511432504,2.089119972453406,0.37192202517704676,0.8554275754878109,0,0.5,0.37192202517704676,Control
1810,0.5362281297447256,0.5415722788743847,1.3936153356723067,1.0778004086191104,0.7059434035343719,0,0.5,1.0778004086191104,Control
1812,0.4087988240464546,0.3058754397734933,0.7488561132464571,0.7146742638199479,0.6201502567420113,0,0.5,0.7146742638199479,Control
1815,1.0408889949502818,1.0505724451353555,3.7735801424733193,2.091461440085637,0.8532724989892769,0,0.5,2.091461440085637,Control
1818,-0.19512041580830164,-0.1647098033773569,-0.22321667883976495,-0.35983021918565855,0.43458620019860217,1,0.5,-0.22321667883976495,Treatment
1819,-1.092453293526881,1.1901228743359855,2.3353930556766076,0.0976695808091046,0.8830009495373052,1,0.5,2.3353930556766076,Treatment
1820,0.5934680728176215,0.3454575144686057,1.0048786186575782,0.9389255872862272,0.6351247774938581,0,0.5,0.9389255872862272,Control
1821,-1.1227221205253144,1.223171380246457,2.4811600205059596,0.1004492597211426,0.8893675135940448,0,0.5,0.1004492597211426,Control
1822,-1.050539435094919,1.7699881262688428,6.10017056230488,0.7194486911739237,0.9616354406258376,0,0.5,0.7194486911739237,Control
1823,1.3318599233276738,1.0841253207108419,4.224578005695866,2.4159852440385157,0.8608453812839139,0,0.5,2.4159852440385157,Control
1825,1.2579407652865002,0.7686554620255427,2.8239309349026724,2.026596227312043,0.7789510643663997,0,0.5,2.026596227312043,Control
1832,-1.2893760943464088,-0.8547326404923511,-0.25560664114653076,-2.1441087348387597,0.19634958811228262,0,0.5,-2.1441087348387597,Control
1834,-1.794977076957884,0.6098363744416402,-0.7462580825528151,-1.185140702516244,0.7290148983255089,1,0.5,-0.7462580825528151,Treatment
1835,1.110642411483489,2.2428680075265874,12.292990213619353,3.3535104190100764,0.9875473363216227,0,0.5,3.3535104190100764,Control
1836,-0.255702164508979,1.0281334146144496,2.372481179291782,0.7724312501054706,0.8480564627603604,1,0.5,2.372481179291782,Treatment
1838,0.010245911496399711,2.1661212049107545,10.477468662679815,2.176367116407154,0.984849036891489,1,0.5,10.477468662679815,Treatment
1839,0.8215378126450931,-0.5905338312865863,1.2237313087898287,0.23100398135850675,0.2774164056461018,1,0.5,1.2237313087898287,Treatment
1840,0.2661659266089953,1.1078548806691106,3.2747782401882892,1.374020807278106,0.8660377529590713,1,0.5,3.2747782401882892,Treatment
1841,-0.769833889049143,1.1252716637092195,2.3252745770992966,0.35543777466007653,0.8697630332631989,0,0.5,0.35543777466007653,Control
1844,0.3063126048324231,0.9113692639622587,2.4231851074037705,1.2176818687946818,0.8189495786773104,0,0.5,1.2176818687946818,Control
1848,-1.4954061072278237,1.0028388863475142,1.0173849998873783,-0.4925672208803096,0.842030698401798,1,0.5,1.0173849998873783,Treatment
1849,0.7213835732835631,0.7473972357813752,2.2122874472815317,1.4687808090649384,0.7725880932705962,1,0.5,2.2122874472815317,Treatment
1850,1.62429969412045,0.9979798986598908,4.115217399708807,2.6222795927803406,0.840855446965804,1,0.5,4.115217399708807,Treatment
1851,-0.33368673801194315,-0.46403698035763286,-0.13504458991189927,-0.797723718369576,0.32131062554184353,0,0.5,-0.797723718369576,Control
1852,-0.8705810501815834,0.6354277520703836,0.2546696820560501,-0.23515329811119978,0.7374252635269357,1,0.5,0.2546696820560501,Treatment
1853,1.4834017196209457,0.601649633900218,2.5081911005155875,2.0850513535211634,0.7262963086514104,0,0.5,2.0850513535211634,Control
1856,-0.8292465350180434,0.5968028020488932,0.18150203507322415,-0.2324437329691501,0.72468047652220835,1,0.5,0.18150203507322415,Treatment
1857,-1.2370895724699056,0.6245153126816193,-0.14479316458145441,-0.6125742597882863,0.7338553914039504,0,0.5,-0.6125742597882863,Control
1858,-1.3317798879961422,-0.023932346964271146,-1.3426005470158413,-1.3557122349604134,0.49045328626030166,0,0.5,-1.3557122349604134,Control
1860,-0.37329386992266467,0.7117936774673127,0.9959034473758732,0.33849980754464803,0.7617037257783886,1,0.5,0.9959034473758732,Treatment
1862,0.5321249254095348,0.03646058945390394,0.5530139693031391,0.5685855148634388,0.5145424485699056,1,0.5,0.5530139693031391,Treatment
1863,-0.909974109362039,1.1105305399127936,2.1118473207523594,0.20055643055075456,0.8666147622545644,0,0.5,0.20055643055075456,Control
1865,-1.0326950058350362,0.7624929085850956,0.5113423197426294,-0.2702020972499406,0.7771170630227617,0,0.5,-0.2702020972499406,Control
1867,-0.904922981692556,0.9451237979696184,1.3541569042692854,0.0402008162770624,0.8277021614913058,1,0.5,1.3541569042692854,Treatment
1868,0.41834814612837123,-0.6289445200135125,0.8950183046316702,-0.2105963738851413,0.2646926891852953,0,0.5,-0.2105963738851413,Control
1874,-0.09725513021735314,-1.1213107589166191,1.856765126448666,-1.2185658891339723,0.13107780373851854,0,0.5,-1.2185658891339723,Control
1876,1.6520790153337348,1.3495265907038512,5.96928634871918,3.001605606037586,0.9114160573395986,0,0.5,3.001605606037586,Control
1877,0.3245751127035094,1.013389243166534,2.8851852506180573,1.3379643558700434,0.8445628623170043,1,0.5,2.8851852506180573,Treatment
1879,-1.4516859909936382,0.936977571546202,0.7726567339406989,-0.5147084194474362,0.8256149525071013,1,0.5,0.7726567339406989,Treatment
1880,0.6911399192626452,0.01834763698584199,0.7009870093214946,0.7094875562484871,0.5073192374839322,1,0.5,0.7009870093214946,Treatment
1883,-0.13610281492204937,1.2753400971979976,3.754551960718945,1.1392372822759482,0.8989055544023491,1,0.5,3.754551960718945,Treatment
1884,-0.4721444868086065,-0.15774717320258042,-0.5012497321030869,-0.6298916600111869,0.43732801349437905,1,0.5,-0.5012497321030869,Treatment
1885,1.618896568861849,2.3428443748762438,13.768158286078485,3.961740943738093,0.9904313181402733,1,0.5,13.768158286078485,Treatment
1893,0.614904975385613,1.047927749331657,3.3351739856900657,1.66283272471727,0.8526640519081394,0,0.5,1.66283272471727,Control
1897,0.45056171600979283,-0.3509083421354416,0.5213808741025603,0.09965337387435125,0.3628285564284127,0,0.5,0.09965337387435125,Control
1898,0.8494389515859981,-0.21725716926618566,0.8352117221480174,0.6321817823198125,0.4140039669228498,1,0.5,0.8352117221480174,Treatment
1901,-1.1500994747191324,0.49451880011268207,-0.4137423873330178,-0.6555806746064503,0.6895300837865835,0,0.5,-0.6555806746064503,Control
1904,0.13768158311320314,0.2902880443815598,0.4513599027257239,0.42796962749476297,0.6142020577685513,0,0.5,0.42796962749476297,Control
1905,1.918271475483498,2.1649354522038173,12.374630226003301,4.083206927687315,0.984803685617901,0,0.5,4.083206927687315,Control
1906,-0.20290677413560881,0.08704763957972882,-0.14422837123293966,-0.11585913455588,0.5346831775588784,1,0.5,-0.14422837123293966,Treatment
1907,0.2705888181011887,-0.39216700860247417,0.38209523907237763,-0.12157819050128549,0.3474674094850063,1,0.5,0.38209523907237763,Treatment
1908,-0.09116882413300662,2.032179843536565,9.184430930587869,1.9410110194035581,0.9789322736608653,1,0.5,9.184430930587869,Treatment
1910,0.13070463224789983,0.7795164690491443,1.735754717810163,0.9102211012970441,0.7821622299899731,1,0.5,1.735754717810163,Treatment
1911,-0.3962089523325971,1.1947306985099697,3.055919280846628,0.7985217461773726,0.8839038678295016,0,0.5,0.7985217461773726,Control
1913,0.7839831976642787,0.01922887952151635,0.7943371370403428,0.803212077185795,0.5076707403338382,1,0.5,0.7943371370403428,Treatment
1914,-0.8297541144537616,0.5322954601185396,0.003070529331123617,-0.297458654335222,0.7027393119723452,1,0.5,0.003070529331123617,Treatment
1915,0.13114781712753765,0.7444169652630804,1.6116695361020663,0.8755647823906181,0.7716878707709098,1,0.5,1.6116695361020663,Treatment
1917,0.04335043006651813,0.8340263671513715,1.8515635758496325,0.8773767972178896,0.7978669370778201,0,0.5,0.8773767972178896,Control
1919,-0.8412915088237147,0.042752624453257,-0.8162596228018038,-0.7985388843704577,0.5170506351797777,0,0.5,-0.7985388843704577,Control
1921,0.8931741293871599,0.5815086461383111,1.8602330635235385,1.474682775525471,0.7195511536401239,0,0.5,1.474682775525471,Control
1925,1.732960805064097,1.5653233958737338,7.41609717034032,3.2982842009378306,0.9412464499681927,1,0.5,7.41609717034032,Treatment
1927,0.28529333390129913,0.3436851701678154,0.6933749113717673,0.6289785040691145,0.6344584674727157,0,0.5,0.6289785040691145,Control
1929,0.7991044863445177,0.6577128204672317,1.9931332049920556,1.4568173068117494,0.7446386586607512,0,0.5,1.4568173068117494,Control
1935,1.383023465449146,-0.929047889527259,2.6447594827556244,0.453975575921887,0.1764321342456438,1,0.5,2.6447594827556244,Treatment
1940,-0.6589389191988646,0.8264022986696229,1.12014374862882,0.1674633794707583,0.7957120400411444,0,0.5,0.1674633794707583,Control
1941,1.0429668504298195,-0.5684625428666592,1.4050349042813466,0.4745043075631603,0.28486046646177215,1,0.5,1.4050349042813466,Treatment
1942,0.6124278888853829,1.5334497330561787,6.082088923033604,2.145877621941562,0.9374174585215366,1,0.5,6.082088923033604,Treatment
1943,0.38061539827075813,1.346783509274337,4.681658794614523,1.727398907545095,0.9109750163224654,0,0.5,1.727398907545095,Control
1944,-0.27167965273066524,-0.32211167070720215,-0.22522363127269626,-0.5937913234378673,0.37368404857593435,0,0.5,-0.5937913234378673,Control
1945,0.31219956539934635,1.4332100149087996,5.13698646652351,1.745409580308146,0.9241010857677016,1,0.5,5.13698646652351,Treatment
1947,0.1994434552849558,0.9174014091808254,2.341394851009297,1.1168448644657811,0.8205338327049951,1,0.5,2.341394851009297,Treatment
1948,0.03397036578325724,0.1822930457189639,0.19157839767773172,0.21626341150222114,0.5723236220190164,1,0.5,0.19157839767773172,Treatment
1949,0.14519778344288312,0.6330951366139036,1.2633642557581894,0.7782929200567867,0.7366642409903034,1,0.5,1.2633642557581894,Treatment
1950,0.14078132151456857,0.5642529507448025,1.0596705817354029,0.7050342722593711,0.7137090018624419,0,0.5,0.7050342722593711,Control
1951,-1.2114369621054115,-0.36730560303716997,-1.1252629515789985,-1.5787425651425815,0.35669553756460615,1,0.5,-1.1252629515789985,Treatment
1954,0.19886448445481664,1.0530036282889714,2.942999580978779,1.251868112743788,0.8538303354109111,0,0.5,1.251868112743788,Control
1957,-1.0007805886931056,0.6666089506576774,0.22125887282959278,-0.33417163803542815,0.747489024834416,1,0.5,0.22125887282959278,Treatment
1963,-1.0982135543442304,0.4217989003289043,-0.5314854795424323,-0.6764146540153261,0.663414095780831,1,0.5,-0.5314854795424323,Treatment
1964,1.0888902508068874,0.8315785559724884,2.88772531829971,1.9204688067793758,0.797176564839366,1,0.5,2.88772531829971,Treatment
1965,-1.7328662814549112,-0.6855019083790859,-1.135791502861717,-2.418368189833997,0.2465136284035195,0,0.5,-2.418368189833997,Control
1970,0.5389316334532956,-1.1249080292876397,2.5073137675210786,-0.585976395834344,0.13031400459096318,1,0.5,2.5073137675210786,Treatment
1972,-0.6084311066167342,2.506253198663252,13.207305684334457,1.897822092046518,0.9938990896102529,1,0.5,13.207305684334457,Treatment
1974,-0.8969209925061489,2.592607515649923,13.842610225727745,1.6956865231437739,0.9952374298230549,1,0.5,13.842610225727745,Treatment
1975,-1.753426830197103,0.12932979439851344,-1.6553095415595227,-1.6240970357985896,0.5514516515594886,1,0.5,-1.6553095415595227,Treatment
1976,1.4390789431709237,-0.013245517698771168,1.432807071799755,1.4258334254721525,0.4947159574733029,0,0.5,1.4258334254721525,Control
1980,0.6863471024883936,-0.70890474738304,1.336986610521297,-0.0225576448946464,0.23919179443392746,1,0.5,1.336986610521297,Treatment
1981,0.8288804421005213,1.9959008586338856,9.794071346408428,2.824781300734407,0.977027642378888,1,0.5,9.794071346408428,Treatment
1982,0.48209984288919433,0.6286024109393543,1.5866830304364092,1.1107022538285487,0.7351953092272491,0,0.5,1.1107022538285487,Control
1985,-0.7547456120476506,0.1983313712222009,-0.5769092608147932,-0.5564142408254497,0.5786070957584701,0,0.5,-0.5564142408254497,Control
1987,1.4227118519058202,0.8696255334246166,3.370021755386226,2.2923373853304367,0.807747460323259,0,0.5,2.2923373853304367,Control
1988,0.794440640748806,0.32374653228565586,1.1659375412256083,1.118187173034462,0.6269350306056135,1,0.5,1.1659375412256083,Treatment
1989,0.6157364379360653,0.3414645641206416,1.0196648170965856,0.9572010020567068,0.6336230613781031,1,0.5,1.0196648170965856,Treatment
1997,0.3646346533427589,0.5473528295618869,1.2375013081825104,0.9119874829046458,0.7079318222419834,1,0.5,1.2375013081825104,Treatment
1998,0.7889626285922012,-0.19503953012197056,0.7675237001516141,0.5939230984702306,0.4226810006326267,0,0.5,0.5939230984702306,Control
2003,0.54723147788116,0.7185350607173027,1.9390842751998472,1.2657665385984627,0.7637862810550589,0,0.5,1.2657665385984627,Control
2005,-0.36491545869000264,0.8511815350594301,1.5096953200919678,0.4862660763694274,0.8026657408137021,0,0.5,0.4862660763694274,Control
2006,-1.7168343364345344,-0.37466536132226647,-1.6234187511461786,-2.091499697756801,0.353954678229976,0,0.5,-2.091499697756801,Control
2011,-1.7079565999900246,1.2210436490468353,1.8844604102886149,-0.4869129509431893,0.8889652531708637,1,0.5,1.8844604102886149,Treatment
2013,-0.617085614726779,3.363086914675889,23.685165033939544,2.7460012999491097,0.9996146195352,1,0.5,23.685165033939544,Treatment
2014,-0.056904197558226954,0.24248930726922238,0.18194258435619892,0.18558510971099543,0.5957994793858434,1,0.5,0.18194258435619892,Treatment
2017,-0.16464263919900352,1.8698043500324446,7.762596150617724,1.7051617108334411,0.9692445039600944,0,0.5,1.7051617108334411,Control
2021,-2.286594688135245,-0.36801879177331487,-2.1997284218253212,-2.6546134799085594,0.35642961110704335,0,0.5,-2.6546134799085594,Control
2024,2.434881213468077,0.07414940586210354,2.4829521851785343,2.5090306193301806,0.5295542483820203,0,0.5,2.5090306193301806,Control
2025,-0.03146695416624215,0.4502193219794842,0.599037582590833,0.4187523678132421,0.6737238472966631,1,0.5,0.599037582590833,Treatment
2026,-1.6165965263477249,0.9883037935045739,0.8310441469156249,-0.628292732843151,0.8384980559386106,0,0.5,-0.628292732843151,Control
2027,1.0987851193328473,0.9068412672504392,3.196927920934832,2.0056263865832866,0.8177546282019766,0,0.5,2.0056263865832866,Control
2028,0.5212128219761982,3.427066623088278,25.72431741169172,3.9482794450644763,0.9996949303227347,1,0.5,25.72431741169172,Treatment
2029,-0.17992558386375218,1.043417043815505,2.5192211926933754,0.8634914599517529,0.851622408422443,1,0.5,2.5192211926933754,Treatment
2032,-0.4041547219037897,1.6862183271792321,6.125618935516083,1.2820636052754424,0.9541231224184051,0,0.5,1.2820636052754424,Control
2034,-0.6284910662445296,0.3376475833018375,-0.23165549357446824,-0.2908434829426921,0.6321856102220943,0,0.5,-0.2908434829426921,Control
2037,0.03248070529423779,0.9952207660329783,2.511019834597263,1.0277014713272161,0.8401855479374133,0,0.5,1.0277014713272161,Control
2038,-3.3014709232512036,-0.30979818406358717,-3.2644201855848047,-3.611269107314791,0.37835721631574953,1,0.5,-3.2644201855848047,Treatment
2039,-0.6842788866416707,0.9732578364088571,1.6968116638252568,0.2889789497671864,0.8347874138633301,1,0.5,1.6968116638252568,Treatment
2041,-0.9392920112378749,0.39332697031667063,-0.4332163149225574,-0.5459650409212042,0.6529609996230863,1,0.5,-0.4332163149225574,Treatment
2043,-1.5035562106532223,0.21495178283494162,-1.3036717813479117,-1.2886044278182807,0.5850975442475133,0,0.5,-1.2886044278182807,Control
2044,-0.20037435365235012,-0.47366654825789783,0.011512370095803887,-0.674040901910248,0.317868855732253,0,0.5,-0.674040901910248,Control
2045,-0.3940014684080112,0.28071108538166245,-0.09604849880487798,-0.11329038302634875,0.610533997205813,1,0.5,-0.09604849880487798,Treatment
2047,-0.8524074358263418,1.9458315751333062,7.693029389311837,1.0934241393069644,0.9741625127902953,1,0.5,7.693029389311837,Treatment
2049,1.4041557790870574,0.47158726186170297,2.0847385011183457,1.8757430409487603,0.6813892896683519,0,0.5,1.8757430409487603,Control
2053,0.8378506552280774,0.5806754538949925,1.8025563476878848,1.41852610912307,0.7192703959843717,1,0.5,1.8025563476878848,Treatment
2059,-0.842216650038301,0.47972065976502004,-0.14209249734501883,-0.362495990273281,0.6842869822865044,0,0.5,-0.362495990273281,Control
2064,-0.15356527405880183,0.2535100488265124,0.10172444006649578,0.09994477476771058,0.6000629515513075,1,0.5,0.10172444006649578,Treatment
2065,0.9327773325900481,-0.1496099448499604,0.9027386313610843,0.7831673877400878,0.440536180821844,0,0.5,0.7831673877400878,Control
2067,-1.2540101993249446,0.6140782150180722,-0.19278698349634493,-0.6399319843068724,0.7304181783988539,0,0.5,-0.6399319843068724,Control
2068,-0.9203518928436729,0.3941574174096914,-0.4125530447406718,-0.5261944754339816,0.6532675889660136,1,0.5,-0.4125530447406718,Treatment
2069,0.10990291835523588,0.9485146630021378,2.3835203817164228,1.0584175813573737,0.828566244145879,0,0.5,1.0584175813573737,Control
2070,0.2820060055877345,-0.3027286725276162,0.3139309676645917,-0.02072266693988173,0.38104832248330434,1,0.5,0.3139309676645917,Treatment
2073,0.6221038780463969,1.5212603996205045,6.011200484763724,2.1433642776669015,0.9359027481764228,0,0.5,2.1433642776669015,Control
2074,-0.520468479576653,-0.025458431679174467,-0.5319014319291139,-0.5459269112558275,0.4898446522228576,0,0.5,-0.5459269112558275,Control
2078,-0.22385494589348306,1.0251775400533614,2.3907118013929205,0.8013225941598783,0.8473602880860361,0,0.5,0.8013225941598783,Control
2087,0.8677293280823185,-0.596876753908952,1.2818146698416177,0.2708525741733665,0.2752948342519401,0,0.5,0.2708525741733665,Control
2091,1.1918911731031032,1.8616720239917097,9.054372634925736,3.053563197094813,0.968675332867083,1,0.5,9.054372634925736,Treatment
2092,0.6033933913308712,1.217932742382811,4.1790800924585065,1.8213261337136823,0.8883752337647857,0,0.5,1.8213261337136823,Control
2096,0.840483038099105,2.1201067688904818,10.890241845534824,2.960589806989587,0.9830014788713362,0,0.5,2.960589806989587,Control
2098,0.39086699592904456,-1.2530284054188148,2.9045131627924725,-0.8621614094897703,0.10509768465923792,1,0.5,2.9045131627924725,Treatment
2099,0.12340288470199383,-0.65820511032923,0.6607682640644065,-0.5348022256272362,0.2552031707460416,0,0.5,-0.5348022256272362,Control
2100,0.6795562607029958,0.28585167092120534,0.9859044517004886,0.9654079316242011,0.6125041345844383,1,0.5,0.9859044517004886,Treatment
2101,-0.4249385490376863,2.007841801151617,8.641839748441662,1.5829032521139308,0.9776699473638077,1,0.5,8.641839748441662,Treatment
2104,0.3892177676464168,-0.1012270088764284,0.35909807786033965,0.2879907587699884,0.45968512842629006,1,0.5,0.35909807786033965,Treatment
2106,0.5157368197297748,-0.13735973361696158,0.4847923457599393,0.37837708611281323,0.4453732286101374,0,0.5,0.37837708611281323,Control
2107,-1.2684461941636764,1.0652758606150152,1.5338170545619538,-0.2031703335486612,0.8566244433922117,1,0.5,1.5338170545619538,Treatment
2108,-0.1264802820142997,2.1907426251438764,10.567597529802205,2.0642623431295766,0.985764788676381,0,0.5,2.0642623431295766,Control
2110,1.6122856944873933,-0.3761294633200125,1.7071677091821884,1.2361562311673808,0.35341032565963865,0,0.5,1.2361562311673808,Control
2111,-0.006294620472449887,-0.0729792663652551,-0.03213230701665573,-0.07927388683770499,0.4709113082757205,1,0.5,-0.03213230701665573,Treatment
2112,-0.33563543155332215,0.4580384766778483,0.31298229902032954,0.12240304512452616,0.6765376008328099,0,0.5,0.12240304512452616,Control
2115,0.8089072921624567,0.6754502731108127,2.059098571608806,1.4843575652732695,0.75030513278013,1,0.5,2.059098571608806,Treatment
2116,2.2596991337176204,0.03692096618317751,2.2808859322970076,2.2966200999007977,0.5147259887268293,0,0.5,2.2966200999007977,Control
2117,0.46840451249255205,-0.012152408924187204,0.46262367011577976,0.4562521035683648,0.49515200959775396,0,0.5,0.4562521035683648,Control
2118,0.14469363011018985,0.24715074249973543,0.3904359803963986,0.3918443726099253,0.597604217664854,0,0.5,0.3918443726099253,Control
2119,0.251101420291947,1.3532793924416202,4.590471344527079,1.6043808127335673,0.9120168049512098,0,0.5,1.6043808127335673,Control
2121,1.9356265459083941,0.35423149580058433,2.3637021990429252,2.289858041708978,0.6384172991695609,0,0.5,2.289858041708978,Control
2123,0.8189775760481118,1.1972053190461167,4.284181387475798,2.0161828950942287,0.8843867314150133,1,0.5,4.284181387475798,Treatment
2124,0.894807482595551,-0.9467152992804229,2.2139895487385806,-0.05190781668487188,0.17189193615204867,1,0.5,2.2139895487385806,Treatment
2126,0.7341353588091337,0.5353099245815122,1.5749037518108182,1.2694452833906458,0.7037822176404319,1,0.5,1.5749037518108182,Treatment
2130,0.19269799216755062,0.19789452193468673,0.3699697367584104,0.3905925141022374,0.578436204857796,1,0.5,0.3699697367584104,Treatment
2131,0.7330401647681059,-0.5472642995989221,1.0584044421996424,0.18577586516918376,0.29209858343073014,0,0.5,0.18577586516918376,Control
2132,0.18964190231411546,-1.0992113512095865,2.0565674159653318,-0.909569448895471,0.13583794432928703,1,0.5,2.0565674159653318,Treatment
2137,-0.9603130043369166,3.0142484085748955,18.71819813714311,2.053935404237979,0.9987119161002815,0,0.5,2.053935404237979,Control
2139,1.528051698598499,-0.10766490519368524,1.497402709622387,1.4203867934048138,0.4571307546208907,1,0.5,1.497402709622387,Treatment
2140,-0.5018736751733899,0.4618170144758395,0.1555847417832854,-0.04005666069755037,0.6778937257960258,1,0.5,0.1555847417832854,Treatment
2141,-0.9088925974472316,2.3384654707353913,11.197181653563856,1.4295728732881599,0.9903184425673897,0,0.5,1.4295728732881599,Control
2142,1.2853482990315217,1.5898273401731247,7.1353639122419885,2.875175639204646,0.9440631353204891,0,0.5,2.875175639204646,Control
2143,0.526709105120477,2.074630099765428,10.172204256708609,2.601339204885905,0.98098958487963706,1,0.5,10.172204256708609,Treatment
2144,-0.6082543679476232,-0.09658721636962166,-0.6378897954003698,-0.7048415843172449,0.46152710444206796,1,0.5,-0.6378897954003698,Treatment
2145,-0.8719690662716293,2.4319013554476197,12.17227001670812,1.5599322891759904,0.9924901013537325,0,0.5,1.5599322891759904,Control
2149,-0.0847549572940087,-0.2501661130325737,-0.08467184559064267,-0.33492107032658236,0.4012294450375643,1,0.5,-0.08467184559064267,Treatment
2150,0.6484519571324481,0.7038143988114853,1.991068572486936,1.3522663559439334,0.7592258172274493,0,0.5,1.3522663559439334,Control
2152,0.13327752381173286,-0.11370835647681882,0.10228252623864206,0.01956916733491404,0.45473449399017846,1,0.5,0.10228252623864206,Treatment
2154,-0.7642712543192359,0.5555124700980721,0.1306731895987231,-0.20875878422116378,0.7107279084838286,0,0.5,-0.20875878422116378,Control
2155,1.0474535724936593,0.8993711373004192,3.1148760263619675,1.9468247097940785,0.8157724962140435,1,0.5,3.1148760263619675,Treatment
2157,0.38729460594235476,0.6774168693852388,1.6437902704903695,1.0647114753275937,0.7509292509586856,0,0.5,1.0647114753275937,Control
2158,-0.8356823263013515,2.135467244921346,9.352492004423251,1.2997849186199946,0.983638568512216,1,0.5,9.352492004423251,Treatment
2161,-0.6623618890904251,0.38429091671337134,-0.17485741339693284,-0.2780709723770538,0.6496185802348051,1,0.5,-0.17485741339693284,Treatment
2163,0.8547993396899375,1.2981392049807827,4.8741997331966065,2.1529385446707203,0.9028802477721163,1,0.5,4.8741997331966065,Treatment
2164,-0.7051930797389278,0.6467597588892336,0.45478317114260836,-0.058433320849694104,0.741106279881462,1,0.5,0.45478317114260836,Treatment
2165,0.1233017382285172,1.3938781530878506,4.706033426083637,1.5171798913163679,0.918322798723225,0,0.5,1.5171798913163679,Control
2166,-1.513070842740376,0.9603550186492871,0.8116701902740124,-0.552715824091089,0.831561715743024,1,0.5,0.8116701902740124,Treatment
2172,1.7221152982606664,1.424037696913294,6.48990087117755,3.1461529951739604,0.9227822200140724,0,0.5,3.1461529951739604,Control
2178,1.014553903020917,1.0202406526699415,3.606456208076664,2.0347945556908584,0.8461928290607422,0,0.5,2.0347945556908584,Control
2179,-0.767227863059108,1.1120285645104544,2.262001475770483,0.34480070145134645,0.8669370655299988,1,0.5,2.262001475770483,Treatment
2180,-0.03440786013060039,-0.09007157711308099,-0.06321787067986549,-0.12447943724368138,0.4641151677841701,1,0.5,-0.06321787067986549,Treatment
2182,1.6167115375606165,2.0385781891791295,10.9476026989439,3.655289726739746,0.9792539280682315,0,0.5,3.655289726739746,Control
2184,0.5687186561877945,0.7426119626874662,2.042969691784589,1.3113306188752607,0.7711416780813773,0,0.5,1.3113306188752607,Control
2190,1.378458097810577,-0.0015816467901436076,1.3776722776286427,1.3768764510204334,0.4993690144858301,1,0.5,1.3776722776286427,Treatment
2191,-0.22840439078652355,0.8208537877977748,1.5296243849962725,0.5924493970112513,0.7941352217802181,1,0.5,1.5296243849962725,Treatment
2192,0.1086132380945324,0.9982262636930959,2.600637716994437,1.1068395017876282,0.8409151731725086,0,0.5,1.1068395017876282,Control
2193,0.9820684138678482,1.6674768378342095,7.376764842212102,2.6495452517020577,0.9522901868404247,0,0.5,2.6495452517020577,Control
2194,-0.4061020715092212,0.243214162871789,-0.16618873203047646,-0.16288790863743216,0.5960802520814976,0,0.5,-0.16288790863743216,Control
2195,-0.22766758601547082,1.5716949002552798,5.498629583089076,1.344027314239809,0.9419893372677924,1,0.5,5.498629583089076,Treatment
2196,0.4721133957210273,1.7659578186861549,7.592306339821629,2.2380712144071824,0.9612985370834299,0,0.5,2.2380712144071824,Control
2199,-0.08683301843908041,-0.1258345458354565,-0.11808162550557745,-0.21266756427453692,0.4499314477449609,0,0.5,-0.21266756427453692,Control
2200,-0.03364550415678718,1.7171826657050506,6.722378443491546,1.6835371615482635,0.957027099135078,0,0.5,1.6835371615482635,Control
2203,0.47559143448003915,0.8097849270427634,2.191987154132728,1.2853763615228027,0.7909681014665472,1,0.5,2.191987154132728,Treatment
2208,2.364101135238673,1.8684938380319875,10.280886499781682,4.23259497327066,0.969153365885732,0,0.5,4.23259497327066,Control
2209,-2.758213354903002,-0.45869069113451866,-2.5667644002033367,-3.216904046037521,0.32322814988987275,0,0.5,-3.216904046037521,Control
2211,0.1643777047458713,1.961635619286478,8.841224120095998,2.1260133240323493,0.975097538891252,0,0.5,2.1260133240323493,Control
2212,-0.07448271285129913,1.45294193089414,4.874068761696554,1.378459218042841,0.926880061229215,1,0.5,4.874068761696554,Treatment
2215,0.14087024126243222,1.1080076686995852,3.1502360634064046,1.2488779099620175,0.8660707479959115,1,0.5,3.1502360634064046,Treatment
2216,0.6988292428528329,0.1499544700872621,0.818779164094767,0.848783712940095,0.5595997316994046,0,0.5,0.848783712940095,Control
2217,-0.43243465649878404,0.5093187596347505,0.3410359211503526,0.07688410313596644,0.6947355946943929,1,0.5,0.3410359211503526,Treatment
2218,1.2214665915375806,-0.26409526043729353,1.2289115744898176,0.9573713311002872,0.39585325795447146,1,0.5,1.2289115744898176,Treatment
2219,-1.4731746587857733,0.9959735040923549,1.0087385349684124,-0.4772011546934184,0.8403684904461334,0,0.5,-0.4772011546934184,Control
2220,0.14202785273974516,0.4600751603197215,0.7954037391860408,0.6021030130594667,0.6772688635923498,1,0.5,0.7954037391860408,Treatment
2221,1.468606994335013,0.46957248305083366,2.1443898695374806,1.9381794773858467,0.6806697559966345,0,0.5,1.9381794773858467,Control
2225,-0.09109929739920669,0.805479279877657,1.6092340831640797,0.7143799824784502,0.7897284207668451,0,0.5,0.7143799824784502,Control
2227,1.3266508802426065,1.5634338968944768,6.997018928607144,2.8900847771370834,0.941024713767523,0,0.5,2.8900847771370834,Control
2229,0.8462485300980743,-0.9912876669886086,2.3159071740512074,-0.14503913689053427,0.1607725667093498,0,0.5,-0.14503913689053427,Control
2231,2.1151461358453436,0.13919288814371605,2.22349190013678,2.2543390239890595,0.5553511358815894,0,0.5,2.2543390239890595,Control
2233,-2.058606379006277,0.8481069309757137,-0.19598218078033236,-1.2104994480305635,0.8018107889953086,0,0.5,-1.2104994480305635,Control
2234,-0.4779919406612022,2.3041930990524895,11.292716284307275,1.8262011583912874,0.9893940967892284,1,0.5,11.292716284307275,Treatment
2236,0.9013440509870925,0.8099630682059081,2.618405928805104,1.7113071191930005,0.7910192989207236,1,0.5,2.618405928805104,Treatment
2237,-0.727751748014107,-0.28380821975776266,-0.7085616466888474,-1.0115599677718696,0.3882786774917168,0,0.5,-1.0115599677718696,Control
2238,0.06994712859509185,0.26832247701837725,0.34810227045083564,0.3382696056134691,0.6057744468903946,1,0.5,0.34810227045083564,Treatment
2239,-0.8694538030841965,0.9974865657646926,1.6192483775602309,0.12803276268049613,0.840735804259321,1,0.5,1.6192483775602309,Treatment
2242,0.5271717163077383,-0.2998310282509411,0.557053493186301,0.2273406880567972,0.3821530232103928,1,0.5,0.557053493186301,Treatment
2246,0.8149187348795229,-1.0078389352174426,2.3424779059512586,-0.19292020033791968,0.15676589543948757,0,0.5,-0.19292020033791968,Control
2249,-0.9322723326085375,0.7569821103668005,0.5922625534056126,-0.17529022224173696,0.7754697098370907,0,0.5,-0.17529022224173696,Control
2253,2.067797114331186,0.4408601880191439,2.6769426191013075,2.50865730235033,0.6703428914461462,1,0.5,2.6769426191013075,Treatment
2254,-2.5453719735413785,0.6640255812063911,-1.331499237945212,-1.8813463923349873,0.7466630307643813,1,0.5,-1.331499237945212,Treatment
2256,-0.19656485030338613,1.0878048715980326,2.7139764628404546,0.8912400212946465,0.8616593707745176,0,0.5,0.8912400212946465,Control
2257,-2.445510040079993,0.023037779436122716,-2.432929671799237,-2.4224722606438704,0.5091899313468492,0,0.5,-2.4224722606438704,Control
2259,-0.31987927018741935,0.8628290901279642,1.6004833524186637,0.5429498199405448,0.8058842787695568,0,0.5,0.5429498199405448,Control
2260,-0.709259049614179,-0.007628731815087564,-0.7129570204235097,-0.7168877814292666,0.4969566058528267,1,0.5,-0.7129570204235097,Treatment
2264,-0.0323155286219734,0.9146568829945744,2.0982073400940147,0.882341354372601,0.8198141068033573,0,0.5,0.882341354372601,Control
2267,-0.051442154939094605,0.25598491181478855,0.20760685112194982,0.20454275687569395,0.60101875606063,0,0.5,0.20454275687569395,Control
2270,-0.15551883682129508,-0.3837805089519286,-0.05283413319445668,-0.5392993457732237,0.3505705677470887,1,0.5,-0.05283413319445668,Treatment
2272,-0.11358032595848414,-0.11301274583850322,-0.1445429374338195,-0.22659307179698734,0.4550102251178239,1,0.5,-0.1445429374338195,Treatment
2274,1.3923371511460259,0.31772233174939096,1.7530932772052614,1.7100594828954168,0.6246522149864155,0,0.5,1.7100594828954168,Control
2275,0.43342700383468935,0.7002017560271099,1.764092880135141,1.1336287598617991,0.7580993424410969,0,0.5,1.1336287598617991,Control
2284,-1.4545164847671512,0.23288520882726846,-1.229602839372476,-1.2216312759398829,0.5920747278316937,0,0.5,-1.2216312759398829,Control
2286,-0.25282691687851794,0.1732480970753347,-0.10617306206040139,-0.07957881980318324,0.5687717904028073,0,0.5,-0.07957881980318324,Control
2288,-1.0836300384924316,3.1189727149443125,19.931837912113917,2.035342676451881,0.9990925861681967,0,0.5,2.035342676451881,Control
2295,-0.5770300263318878,0.1741770532165113,-0.42926620798925735,-0.4028529731153765,0.569136840621454,0,0.5,-0.4028529731153765,Control
2297,-1.0450317918872203,-1.1623770536645912,1.076020511052436,-2.2074088455518117,0.12254116992758399,1,0.5,1.076020511052436,Treatment
2298,0.7529911649132113,-0.27770215903973233,0.7683770636640027,0.47528900587347894,0.3906205015453752,1,0.5,0.7683770636640027,Treatment
2299,2.337555188511469,0.7178250275702056,3.727013242708905,3.0553802160816748,0.7635674102063972,1,0.5,3.727013242708905,Treatment
2300,-1.0056913447959839,-0.3574487517482687,-0.9288765004173274,-1.3631400965442526,0.3603779427310969,1,0.5,-0.9288765004173274,Treatment
2306,-0.0555112715186314,-0.24690809388840704,-0.05703810480762207,-0.30241936540703845,0.40248967610644393,0,0.5,-0.30241936540703845,Control
2309,-0.22781961387519004,1.3477357827350542,4.078831757621276,1.1199161688598642,0.9111283106009617,0,0.5,1.1199161688598642,Control
2312,0.010797691350564081,1.248329531029808,3.7516156929476683,1.259127222380372,0.8940447980762509,1,0.5,3.7516156929476683,Treatment
2315,-0.9980260606502551,0.4120006922240984,-0.45253657375193335,-0.5860253684261567,0.6598305420714922,1,0.5,-0.45253657375193335,Treatment
2318,2.091347482764068,0.658590313302408,3.2881250409668,2.749937796066476,0.7449205575608524,0,0.5,2.749937796066476,Control
2320,0.9468916571109551,0.381020824521337,1.4277558068094627,1.3279124816322923,0.6484061018622409,0,0.5,1.3279124816322923,Control
2321,-1.5234653250628962,-0.4237406817529239,-1.3762233351944926,-1.9472060068158201,0.3358774713668729,1,0.5,-1.3762233351944926,Treatment
2322,0.992457370214456,1.9934667306594676,9.937009948036483,2.9859241008739237,0.9768948184601439,0,0.5,2.9859241008739237,Control
2323,-2.150168240406565,0.03723283368939168,-2.1287792557527854,-2.1129354067171735,0.5148503203719219,0,0.5,-2.1129354067171735,Control
2324,-0.6843288298902435,0.9806827830783891,1.7294900037017005,0.2963539531881456,0.8366254016357512,1,0.5,1.7294900037017005,Treatment
2325,0.7083074630870657,0.8427858209967427,2.5502762537317443,1.5510932840838083,0.8003258803274704,0,0.5,1.5510932840838083,Control
2326,0.909726264197306,0.6731499923216411,2.1525630846833774,1.5828762565189471,0.7495740640416684,0,0.5,1.5828762565189471,Control
2327,1.8923666818286637,-0.42306062787325316,2.0387969576050597,1.4693060539554106,0.33612551369848254,1,0.5,2.0387969576050597,Treatment
2328,-0.531373843482677,-0.260954467489881,-0.5256566090217628,-0.7923283109725581,0.3970638102899553,1,0.5,-0.5256566090217628,Treatment
2332,-1.041979082896302,0.2922801226001367,-0.7249836814619318,-0.7496989602961653,0.6149637722662601,1,0.5,-0.7249836814619318,Treatment
2333,0.03143064748948425,-0.9403750316175934,1.3298535318602671,-0.9089443841281092,0.17351261244848007,1,0.5,1.3298535318602671,Treatment
2334,0.11997476209361793,0.9031597592411921,2.2029497431394303,1.02313452133481,0.8167794442397063,0,0.5,1.02313452133481,Control
2338,-1.2858146801403332,0.9976048647752308,1.2034186846936952,-0.2882098153651024,0.8407644994101179,1,0.5,1.2034186846936952,Treatment
2339,0.29971941843315475,-0.316053934787255,0.34147263042854015,-0.01633451635410027,0.37598078529040163,0,0.5,-0.01633451635410027,Control
2341,-1.497552543726915,0.5499535839098711,-0.6176778628613562,-0.9475989598170439,0.70882439489558835,1,0.5,-0.6176778628613562,Treatment
2342,0.019796184450643316,1.5618267736694864,5.679315313187061,1.5816229581201298,0.9408355986565309,0,0.5,1.5816229581201298,Control
2343,0.5277911956415108,2.733441591620036,16.837917861048084,3.2612327872615468,0.9968661880679923,1,0.5,16.837917861048084,Treatment
2345,0.7492245954488174,0.45768350317085776,1.3970147251837433,1.2069080986196752,0.6764100791669987,1,0.5,1.3970147251837433,Treatment
2350,-1.7218235128557304,0.17342611352234694,-1.574957222391625,-1.5483973993333835,0.5688417497650756,0,0.5,-1.5483973993333835,Control
2352,1.1636615915197297,0.8747602230274265,3.1314525986154287,2.0384218145471564,0.8091478077807013,1,0.5,3.1314525986154287,Treatment
2355,0.019073237147415968,0.5434289997123616,0.8814178924603525,0.5625022368597775,0.706582768289992,1,0.5,0.8814178924603525,Treatment
2356,-1.2721257074639167,0.9348681751195984,0.9432653897987788,-0.3372575323443183,0.8250718800425785,1,0.5,0.9432653897987788,Treatment
2359,-1.2256691639527644,0.26387653525035765,-0.954469244616119,-0.9617926287024068,0.6040624714265058,1,0.5,-0.954469244616119,Treatment
2362,0.7810491160782904,2.0245804773097427,9.991191572940654,2.805629593388033,0.978544769706078,0,0.5,2.805629593388033,Control
2364,0.6003463237624473,-0.8061743370869586,1.4970932787741624,-0.20582801332451128,0.21007116684291943,1,0.5,1.4970932787741624,Treatment
2366,1.9214703456977624,0.2615979497514377,2.1891362952017928,2.1830682954492002,0.6031842875745368,1,0.5,2.1891362952017928,Treatment
2367,0.5592273640089765,-0.3367010608514608,0.6176120423402444,0.22252630315751576,0.36817113178870364,1,0.5,0.6176120423402444,Treatment
2368,0.8126864880675367,0.7084116847484062,2.1705865606178905,1.521098172815943,0.7606551808514137,1,0.5,2.1705865606178905,Treatment
2369,0.25824664442633843,-0.9700973018007429,1.6553755434481303,-0.7118506573744046,0.1659989969085552,0,0.5,-0.7118506573744046,Control
2370,0.2854559312417006,-0.5628322461054244,0.6376000827011424,-0.27737631486372377,0.2867745601343656,0,0.5,-0.27737631486372377,Control
2373,-0.8410125851641818,-0.012401422893871663,-0.8469057060315323,-0.8534140080580535,0.49505267488337135,1,0.5,-0.8469057060315323,Treatment
2376,-0.8802342430061012,1.1770672726161617,2.4792741218300787,0.29683302961006053,0.8804156717661654,0,0.5,0.29683302961006053,Control
2378,-1.5075534154500074,1.7234076370069897,5.29441816964152,0.2158542215569823,0.9575925825900303,0,0.5,0.2158542215569823,Control
2380,-0.779265281232703,1.0665384473962225,2.029012462014098,0.2872731661635195,0.8569098458571346,1,0.5,2.029012462014098,Treatment
2385,1.513286994485393,-0.15111827568748823,1.4834013231351684,1.3621687187979048,0.4399412080730784,1,0.5,1.4834013231351684,Treatment
2388,-0.7824017258366976,0.5239930592110801,0.028732255971615328,-0.25840866662561757,0.6998583162962408,1,0.5,0.028732255971615328,Treatment
2392,-1.261326490064492,0.7044072322869497,0.08325622387530407,-0.5569192577775424,0.7594103983363645,0,0.5,-0.5569192577775424,Control
2394,0.19278225756392656,1.4098640528740725,4.873147579173974,1.602646310437999,0.9207100855925808,1,0.5,4.873147579173974,Treatment
2397,0.27007791737735526,1.87282798096635,8.221461200441519,2.142905898343705,0.9694539286100058,1,0.5,8.221461200441519,Treatment
2398,1.4500955301797116,0.19984597068559146,1.6298953395210398,1.6499415008653031,0.5791994764735242,0,0.5,1.6499415008653031,Control
2399,2.774279105754244,0.20730857123339996,2.9638870787846114,2.981587676987644,0.5821155596627382,0,0.5,2.981587676987644,Control
2400,-1.20870746258689,0.6468708652026818,-0.04838819748941692,-0.5618365973842083,0.7411422383263944,1,0.5,-0.04838819748941692,Treatment
2403,-0.19653179372086702,-0.5617896594764362,0.1537886195302152,-0.7583214531973033,0.2871296690970723,0,0.5,-0.7583214531973033,Control
2404,-0.44085413869159756,2.0225067485450916,8.751466331401826,1.581652609853494,0.9784379864382491,0,0.5,1.581652609853494,Control
2405,0.7941892136868477,0.46789352899017606,1.4659846871236972,1.2620827426770238,0.6800696343642864,0,0.5,1.2620827426770238,Control
2407,-0.3323614288609166,-0.25416173152046095,-0.3302459230821893,-0.5865231603813775,0.3996853069157045,1,0.5,-0.3302459230821893,Treatment
2408,-0.8232980857648127,0.9051757815761358,1.2679761961271916,0.08187769581132309,0.8173138649978718,0,0.5,0.08187769581132309,Control
2411,-1.1790012359069255,0.2216462859837276,-0.969923940734301,-0.9573549499231979,0.587705376230617,0,0.5,-0.9573549499231979,Control
2414,-1.0309019717407821,-0.23093814451690958,-1.0397061908134109,-1.2618401162576918,0.4086814282708841,1,0.5,-1.0397061908134109,Treatment
2415,-0.20326666283198222,0.25429374033221797,0.05321082007842573,0.051027077500235746,0.6003656823060046,1,0.5,0.05321082007842573,Treatment
2416,-0.5627532646637002,0.6446812035572405,0.5908150455549442,0.08192793889354022,0.7404331002057085,1,0.5,0.5908150455549442,Treatment
2419,0.38189008055329965,0.046718190218160816,0.40961435425690057,0.42860827077146046,0.5186310837614639,0,0.5,0.42860827077146046,Control
2423,0.2149136916695009,-0.19831896290485765,0.19441503231238866,0.01659472876464324,0.42139775804215485,1,0.5,0.19441503231238866,Treatment
2425,-0.3166275123718092,1.9824292021609007,8.53463817186925,1.6658016897890915,0.9762843880374235,0,0.5,1.6658016897890915,Control
2427,-0.6397413773267739,-0.1302047287449089,-0.6709371989241578,-0.7699461060716828,0.44820222671701593,1,0.5,-0.6709371989241578,Treatment
2428,0.47965803125995493,-0.47299494253586233,0.6906089913210312,0.006663088724092603,0.3181083936920027,1,0.5,0.6906089913210312,Treatment
2429,2.062104328299679,0.4630733400713835,2.7225148349051054,2.5251776683710627,0.6783441006251486,1,0.5,2.7225148349051054,Treatment
2430,-0.609098334169701,-0.22313308786082164,-0.6210881283035016,-0.8322314220305227,0.41171596353329054,1,0.5,-0.6210881283035016,Treatment
2434,0.09349322264577462,-0.6164887920902444,0.5453656881464297,-0.5229955694444698,0.2687859834254456,0,0.5,-0.5229955694444698,Control
2435,0.4097225444912288,0.929896022243638,2.604083779982129,1.3396185667348668,0.8237875386348665,0,0.5,1.3396185667348668,Control
2437,0.6536370268911268,0.06630910838636288,0.6955853767942971,0.7199461352774896,0.5264341341285027,1,0.5,0.6955853767942971,Treatment
2443,0.26699794125882187,1.5542940053182561,5.875804653854485,1.821291946577078,0.9399428486003483,0,0.5,1.821291946577078,Control
2445,-0.12099446154357885,0.46631132117460844,0.547053695554943,0.3453168596310296,0.6795036618307267,1,0.5,0.547053695554943,Treatment
2446,-0.6736149104485147,0.15194490551737821,-0.5514679490644556,-0.5216700049311365,0.5603848050111996,0,0.5,-0.5216700049311365,Control
2450,0.08445685387207506,2.238630592776863,11.226706012093482,2.323087446648938,0.9874100190093805,1,0.5,11.226706012093482,Treatment
2452,0.9906963350629927,1.06229190878581,3.7787704883994975,2.0529882438488025,0.855948406764809,1,0.5,3.7787704883994975,Treatment
2455,-1.2511555527322464,0.7772034285715977,0.3455365003204458,-0.4739521241606487,0.7814806201335867,1,0.5,0.3455365003204458,Treatment
2456,0.42517139376713253,1.340181951854232,4.687437697845886,1.7653533456213646,0.9099069011237015,0,0.5,1.7653533456213646,Control
2459,0.9824951521904506,1.216587868508506,4.5509611700488435,2.1990830206989567,0.8881194696248601,0,0.5,2.1990830206989567,Control
2461,-1.0672550227417126,-0.7457580459670193,-0.32782391947612854,-1.8130130687087318,0.22790679385795093,1,0.5,-0.32782391947612854,Treatment
2464,-0.5474388666726002,1.6102638189073728,5.443592175745399,1.0628249522347726,0.9463298628277258,0,0.5,1.0628249522347726,Control
2465,-1.0680901791018917,-0.2559896169794163,-1.0650236195890634,-1.324079796081308,0.39897942735596026,1,0.5,-1.0650236195890634,Treatment
2468,-0.9261721504967629,0.6822839631718054,0.3459926438919908,-0.24388818732495754,0.7524702942397161,1,0.5,0.3459926438919908,Treatment
2470,-0.5587398538437381,-0.12959378297417304,-0.5899476481597106,-0.6883336368179112,0.44844391111717635,1,0.5,-0.5899476481597106,Treatment
2473,1.0008784835341207,0.77572373803097,2.5922349880390874,1.7766022215650907,0.7810439396218917,1,0.5,2.5922349880390874,Treatment
2475,-1.0878577533348852,1.2585542092086877,2.709336746303269,0.17069645587380244,0.8959043023285096,1,0.5,2.709336746303269,Treatment
2476,-1.6132222138120524,0.33247346166207326,-1.2259082775618917,-1.2807487521499792,0.6302341122021973,0,0.5,-1.2807487521499792,Control
2477,-1.3340152097231055,-0.417695748064594,-1.193923607852921,-1.7517109577876995,0.33808479072659753,0,0.5,-1.7517109577876995,Control
2479,-0.9777648098428579,0.5965485228424637,0.03224973178942492,-0.3812162870003941,0.7245955757284002,1,0.5,0.03224973178942492,Treatment
2480,-0.2415248191840383,0.5971814702633964,0.7703173327995636,0.3556566510793581,0.7248068854430922,0,0.5,0.3556566510793581,Control
2481,-1.0747219592341053,-0.5168852555490993,-0.7988238522005396,-1.5916072147832045,0.3026181304308603,0,0.5,-1.5916072147832045,Control
2482,-0.13371136316396992,0.9380202424039193,2.095062708357005,0.8043088792399494,0.825882996251768,1,0.5,2.095062708357005,Treatment
2484,-0.3209771466294934,-0.7283631361473283,0.3758670014935853,-1.0493402827768217,0.23319566154548863,0,0.5,-1.0493402827768217,Control
2489,0.08526663693792533,1.5302415394390476,5.533665744707022,1.615508176376973,0.9370215236074986,0,0.5,1.615508176376973,Control
2491,-0.538680298007188,0.32468836164414994,-0.1654910528107884,-0.21399193636303804,0.6272915280486191,0,0.5,-0.21399193636303804,Control
2492,0.8486246525455567,1.1699362083711078,4.171094220046639,2.0185608609166645,0.8789866793603268,1,0.5,4.171094220046639,Treatment
2494,0.7179440887692708,1.5144509001334157,6.062292596665804,2.2323949889026866,0.9350442410350639,1,0.5,6.062292596665804,Treatment
2497,1.6129609112764678,0.22706767625985463,1.8296142086104954,1.8400285875363225,0.5898144409059468,1,0.5,1.8296142086104954,Treatment
2498,0.4318260199616849,0.2159700159339103,0.633097123493627,0.6477960358955952,0.5854944400858422,0,0.5,0.6477960358955952,Control
2500,0.9878972086378012,1.0728678204003925,3.826421838939375,2.0607650290381936,0.8583347869721082,1,0.5,3.826421838939375,Treatment
